ts,market_cap_usd
1755043200000,2392344212079.0225
1755129600000,2456741384606.632
1755216000000,2356901744933.2793
1755302400000,2335290383260.173
1755388800000,2338827727300.663
1755475200000,2339947498378.4526
1755561600000,2314502640170.1543
1755648000000,2245877071707.092
1755734400000,2274668593474.138
1755820800000,2240035862656.705
1755907200000,2327443500099.5054
1755993600000,2296879586286.188
1756080000000,2258132698612.927
1756166400000,2194334326430.0564
1756252800000,2227025695775.593
1756339200000,2214395543347.5
1756425600000,2241139700048.1245
1756512000000,2159057139903.7104
1756598400000,2167253490553.3457
1756684800000,2155782897148.0063
1756771200000,2175226267318.8748
1756857600000,2216573424344.9224
1756944000000,2225375143616.655
1757030400000,2204703445449.3784
1757116800000,2204045604630.5625
1757203200000,2194991805899.4248
1757289600000,2213764479139.3647
1757376000000,2232226467656.9556
1757462400000,2221227776260.477
1757548800000,2270785850683.0293
1757635200000,2303507550746.883
1757721600000,2312878795034.7817
1757808000000,2310186995779.9624
1757894400000,2298366422491.926
1757980800000,2298376374765.022
1758067200000,2326252111015.0996
1758153600000,2319862263301.09
1758240000000,2334155270381.6797
1758326400000,2304334969247.6016
1758412800000,2305458544032.0454
1758499200000,2296544311374.14
1758585600000,2245276233641.6846
1758672000000,2232047791436.3643
1758758400000,2257709115962.068
1758844800000,2174880943300.0088
1758931200000,2186075315820.048
1759017600000,2185277342378.6892
1759104000000,2235609066822.1436
1759190400000,2277867378927.1157
1759276800000,2273504154331.4
1759363200000,2362725829233.926
1759449600000,2404248760305.848
1759536000000,2437130562668.8506
1759622400000,2438832157552.7866
1759708800000,2461262484402.037
1759795200000,2486786743153.339
1759881600000,2419756015403.5737
1759968000000,2458603013498.3677
1760054400000,2425643508379.291
1760140800000,2255299161767.251
1760227200000,2208268263699.5435
1760313600000,2296145057231.311
1760400000000,2297230038136.1206
1760486400000,2255593612790.7695
1760572800000,2207806038542.883
1760659200000,2154964541836.455
1760745600000,2122018970045.2217
1760832000000,2137453218003.543
1760918400000,2165876768810.395
1761004800000,2204762231502.6216
1761091200000,2160928131234.672
1761177600000,2146123605489.606
1761264000000,2194925940893.7788
1761350400000,2213139524569.58
1761436800000,2226000980105.0205
1761523200000,2282298627073.1055
1761609600000,2275880103405.9155
1761696000000,2252121103480.7026
1761782400000,2195202860989.228
1761868800000,2159719137272.1077
1761955200000,2184958376796.8809
1762041600000,2194472770726.0208
1762128000000,2206951286346.512
1762214400000,2125234946159.2783
1762300800000,2027117373395.1697
1762387200000,2072420580091.9111
1762473600000,2019505617727.349
1762560000000,2061483488853.8977
1762646400000,2040163403275.169
1762732800000,2088246864454.0945
1762819200000,2113691346622.1785
1762905600000,2055081880355.954
1762992000000,2025171098463.4424
1763078400000,1989587716654.155
1763164800000,1883528419611.1135
1763251200000,1906286799108.28
1763337600000,1879821625636.488
1763424000000,1836812997467.337
1763510400000,1852965766035.4404
1763596800000,1824001855237.545
1763683200000,1730169291917.76
1763769600000,1696834479574.6868
1763856000000,1689663589864.315
1763942400000,1731240703090.288
1764028800000,1760876158638.0408
1764115200000,1742579106347.7073
1764201600000,1805319494740.8276
1764288000000,1821686350208.8733
1764374400000,1814035459752.682
1764460800000,1812771321410.944
1764547200000,1804580223118.8345
1764633600000,1722165915578.808
1764720000000,1823014041001.2756
1764806400000,1867918440559.5425
1764892800000,1838202452874.2395
1764979200000,1783420367861.1216
1765065600000,1781473275096.9917
1765152000000,1802958541728.722
1765238400000,1808501444019.7495
1765324800000,1850293655502.181
1765411200000,1837368941062.516
1765497600000,1847119089483.3413
1765584000000,1801893841647.4097
1765670400000,1802028910320.9023
1765756800000,1760354230589.3552
1765843200000,1725206666830.8127
1765929600000,1753485223429.683
1766016000000,1718910200047.374
1766102400000,1705923883033.444
1766188800000,1758617508011.9905
1766275200000,1763949555471.3745
1766361600000,1769182018548.0688
1766448000000,1767230408064.2593
1766534400000,1745170281695.8684
1766620800000,1749380269942.6577
1766707200000,1741524937162.2537
1766793600000,1743265213477.923
1766880000000,1753170406449.7837
1766966400000,1753776420254.8835
1767052800000,1740448227093.1155
1767139200000,1765901370591.8586
1767225600000,1748854230148.607
1767312000000,1772643389813.6357
1767398400000,1796943351423.4443
1767484800000,1809678441959.2795
1767571200000,1834987309777.0288
1767657600000,1874977643561.6355
1767744000000,1870414277860.5935
1767830400000,1823249641248.364
1767916800000,1818127709176.3096
1768003200000,1808660912220.566
1768089600000,1806081524434.709
1768176000000,1814830239671.1992
1768262400000,1821743571887.9038
1768348800000,1906249903552.0205
1768435200000,1935642376552.2793
1768521600000,1909607764838.513
1768608000000,1908245771104.619
1768694400000,1893940780540.7515
1768780800000,1864801600128.905
1768867200000,1849293615306.6567
1768953600000,1766441725515.5132
1769040000000,1787198131481.9512
1769126400000,1787836917555.1865
1769212800000,1788698866227.4563
1769299200000,1781238125881.8794
1769385600000,1730823322190.6162
1769472000000,1763317661992.5044
1769558400000,1781169624000.1633
1769644800000,1782608191361.8965
1769731200000,1691092174731.011
1769817600000,1680358897717.733
1769904000000,1571576493914.8904
1769990400000,1536578056063.6562
1770076800000,1572047321850.9954
1770163200000,1511249141910.282
1770249600000,1460053444889.3728
1770336000000,1254617718584.4033
1770422400000,1404422427900.4514
1770508800000,1383938789934.4868
1770595200000,1407004286702.8896
1770681600000,1402584286978.939
1770768000000,1376158047090.4307
1770854400000,1340996637525.7053
1770940800000,1324400733134.6533
1771027200000,1375985529045.6062
1771113600000,1395251772208.4526
1771200000000,1374891409746.7566
1771286400000,1376546726938.174
1771372800000,1350583353307.6948
1771459200000,1327971882876.0806
1771545600000,1338989802249.3938
1771632000000,1359548508149.9219
1771718400000,1360035939392.7476
1771804800000,1303412071350.4219
1771891200000,1294359253920.9185
1771977600000,1281109347803.1018
1772064000000,1356652404814.3232
1772150400000,1349617910213.303
1772236800000,1317542293327.2354
1772323200000,1340085381689.69
1772409600000,1316266670911.0593
1772496000000,1376116545555.9185
1772582400000,1365575947099.492
1772668800000,1454892523976.9167
1772755200000,1417251399988.9395
1772841600000,1362780115876.562
1772928000000,1346745070785.4204
1773014400000,1320834944584.2002
1773100800000,1368620260015.3108
1773187200000,1397023116314.9353
1773273600000,1400647685843.0374
1773360000000,1408442180116.169
1773446400000,1416903889270.9753
1773532800000,1423139472519.362
1773619200000,1458870696938.544
1773705600000,1493807199550.5852
1773792000000,1480319012450.2678
1773878400000,1424617668656.0383
1773964800000,1398936802273.2832
1774051200000,1410740394689.4873
1774137600000,1368689752020.2637
1774224000000,1358875311053.488
1774310400000,1419961051288.5916
1774396800000,1410791888450.5967
1774483200000,1426288685822.9785
1774569600000,1374753382709.4006
1774656000000,1326825214972.8843
1774742400000,1328338671604.5044
1774828800000,1319528951993.3867
1774915200000,1334447058898.83
1775001600000,1362813266728.113
1775088000000,1362985792271.1128
1775174400000,1341478723293.2266
1775260800000,1340175935595.4512
1775347200000,1345282082641.0298
1775433600000,1383887150218.5754
1775520000000,1377272928532.069
1775606400000,1437229916180.8518
1775692800000,1416833835992.307
1775779200000,1431334313769.7168
1775865600000,1459433492592.4358
1775952000000,1461495718539.031
1776038400000,1414271995223.8486
1776124800000,1490782825115.7065
1776211200000,1487131028728.5823
1776297600000,1497750345420.939
1776384000000,1503501691790.5283
1776470400000,1543846478607.006
1776556800000,1515666221261.281
1776643200000,1478167516521.3162
1776729600000,1518576144441.9805
1776816000000,1527978534936.1682
1776902400000,1566300505390.8323
1776988800000,1567060751418.8237
1777075200000,1550525699949.4888
1777161600000,1554301467547.4663
1777248000000,1574424193250.3992
1777334400000,1549011607727.6
1777420800000,1528322543597.082
1777507200000,1517396428631.6455
1777593600000,1527677404068.2952
1777680000000,1565978464498.2485
1777766400000,1575399064359.2305
1777852800000,1572088532218.1125
1777939200000,1598395086667.69
1778025600000,1620321738625.5952
1778112000000,1630826287118.407
1778198400000,1602589764458.0776
1778284800000,1606077785283.5508
1778371200000,1615741619629.0364
1778457600000,1645004741191.1208
1778544000000,1637166543583.5588
1778630400000,1611939835949.311
1778716800000,1588073918775.3318
1778803200000,1623569996402.9607
1778889600000,1583735228276.758
1778976000000,1565026633721.2126
1779062400000,1550931401030.0012
1779148800000,1541593557490.7017
1779235200000,1537607115376.3884
1779321600000,1551898053923.3093
1779408000000,1553532857238.0518
1779494400000,1512062217726.077
1779580800000,1536256575896.3174
1779667200000,1542935472694.078
1779753600000,1547829534321.9758
1779840000000,1521310703337.921
1779926400000,1489416527418.8489
1780012800000,1477197114898.1526
1780099200000,1474174043264.2876
1780185600000,1479111074457.094
1780272000000,1474670238472.3772
1780358400000,1429084366219.4146
1780444800000,1337077983137.808
1780531200000,1283384941923.1694
1780617600000,1278676276214.779
1780704000000,1221584775490.4983
1780790400000,1219483734629.1333
1780876800000,1267943921370.2615
1780963200000,1263848139632.9338
1781049600000,1235805762898.2478
1781136000000,1232005963062.1147
1781222400000,1273749779296.1104
1781308800000,1273309909632.204
1781395200000,1290903457306.5925
1781481600000,1316997723207.2698
1781568000000,1328716312457.8525
1781654400000,1315255606491.9746
1781740800000,1291736519936.9531
1781827200000,1260755460004.2776
1781913600000,1272662339486.1091
1782000000000,1287998314407.3254
1782086400000,1268020785738.6846
1782172800000,1281722561349.0657
1782259200000,1256197234338.4941
1782345600000,1222695488973.654
1782432000000,1197409796612.7463
1782518400000,1203364318622.97
1782604800000,1202013480250.0635
1782691200000,1192836694280.2336
1782777600000,1206050822293.0742
1782864000000,1174271521060.0322
1782950400000,1202400598943.6472
1783036800000,1232955847657.318
1783123200000,1254308594105.5916
1783209600000,1265061539174.8157
1783296000000,1275068261445.5964
1783382400000,1283414917919.9055
1783468800000,1270088861350.0464
1783555200000,1248292438971.084
1783641600000,1267284402881.5332
1783728000000,1285721301995.1152
1783814400000,1279338966428.7214
1783900800000,1278471632284.2085
1783987200000,1249064515645.423
1784073600000,1303338246252.6511
1784160000000,1298025137560.8176
1784246400000,1279500217318.545
1784332800000,1281784159472.132
1784419200000,1299683566530.6624
1784505600000,1297204952087.9087
1784592000000,1307555290285.9756
1784678400000,1334382819959.6755
1784764800000,1325502184529.7004
1784851200000,1304584533794.3228
1784937600000,1285880251135.3728
1785024000000,1290267626178.7449
1785110400000,1310239348543.4233
1785196800000,1277432010626.5527
1785283200000,1283142171242.0308
1785369600000,1282708329624.6782
1785456000000,1299648275649.1667
1785542400000,1261952862387.9932
1785628800000,1260101264157.2688
1785715200000,1273449712535.446
1785801600000,1273606337766.7727
1785888000000,1285006144109.5203
1785974400000,1295767077969.0576
1786060800000,1290076717260.0498
1786147200000,1301810026226.8445
1786233600000,1302709015809.277
1786320000000,1301625157030.4944
1786406400000,1281954061061.638
1786492800000,1275130714721.0269
1786563210000,1270782764155.5933
