Date,Close,High,Low,Open,Volume,Dividends,Stock Splits
2024-08-12 00:00:00-04:00,,,,,0,0.78,0.0
2024-08-13 00:00:00-04:00,102.42655944824219,103.40979481100021,101.97276295033251,103.0410824515866,5866800,0.0,0.0
2024-08-14 00:00:00-04:00,103.3625259399414,103.84468380657637,102.32256784142301,102.58728366144967,6388000,0.0,0.0
2024-08-15 00:00:00-04:00,105.1588363647461,105.29119429392786,103.69343573213435,103.69343573213435,6307000,0.0,0.0
2024-08-16 00:00:00-04:00,105.11156463623047,105.30064533504775,103.86361327032405,104.29850464797683,3819100,0.0,0.0
2024-08-19 00:00:00-04:00,105.64098358154297,106.59585758486028,105.05482915834982,105.14936949631979,4335600,0.0,0.0
2024-08-20 00:00:00-04:00,103.85414123535156,105.7071592104764,102.90872345949408,105.48026096390086,6783300,0.0,0.0
2024-08-21 00:00:00-04:00,103.63671112060547,105.12101691111056,102.95600908952639,104.76175349861546,4011900,0.0,0.0
2024-08-22 00:00:00-04:00,103.96759033203125,104.48756576280348,103.43815870420062,103.61778317052033,3644500,0.0,0.0
2024-08-23 00:00:00-04:00,105.31954956054688,105.40463370452274,104.2512227775227,104.78066167646915,4024200,0.0,0.0
2024-08-26 00:00:00-04:00,107.36164093017578,108.75140622268222,106.77548652210086,106.85111446274698,6253900,0.0,0.0
2024-08-27 00:00:00-04:00,106.2933349609375,107.45620215356172,105.94352774069239,107.45620215356172,3521700,0.0,0.0
2024-08-28 00:00:00-04:00,106.02861785888672,106.0758844256306,104.6010348246454,105.92462131389765,4506400,0.0,0.0
2024-08-29 00:00:00-04:00,108.12743377685547,108.85540229160705,105.9529700040727,106.81330364356252,5270200,0.0,0.0
2024-08-30 00:00:00-04:00,107.5791015625,107.81545603278944,106.27442748317003,106.94567331323613,5559500,0.0,0.0
2024-09-03 00:00:00-04:00,103.85414123535156,105.80170675843432,103.24907443583999,105.79225056104549,6369900,0.0,0.0
2024-09-04 00:00:00-04:00,102.63455200195312,105.12100538239577,102.52110648452563,104.30794551366097,6251500,0.0,0.0
2024-09-05 00:00:00-04:00,101.58514404296875,103.41925696108167,101.4338809392809,103.25853765936155,5582400,0.0,0.0
2024-09-06 00:00:00-04:00,100.23318481445312,102.69127668904319,99.94956382251456,101.84985548425185,5229900,0.0,0.0
2024-09-09 00:00:00-04:00,99.83612823486328,100.84772509364463,99.77940546933208,100.26157061524576,6477000,0.0,0.0
2024-09-10 00:00:00-04:00,98.32345581054688,99.96848084005447,97.60493622922401,99.78885635444804,5611500,0.0,0.0
2024-09-11 00:00:00-04:00,96.97151184082031,98.36127728104216,95.77083430472463,98.13437900905677,6803100,0.0,0.0
2024-09-12 00:00:00-04:00,97.28350067138672,98.02092545898815,96.57443726592903,97.11332516555824,6775900,0.0,0.0
2024-09-13 00:00:00-04:00,97.85074615478516,98.67326226985534,97.4253110132115,97.68057065556256,5441600,0.0,0.0
2024-09-16 00:00:00-04:00,99.78884887695312,99.92120678820437,98.74888355574303,99.2310486398527,9325300,0.0,0.0
2024-09-17 00:00:00-04:00,102.3792953491211,102.57783222335237,99.55249812130604,99.75103499553732,8661300,0.0,0.0
2024-09-18 00:00:00-04:00,102.69129180908203,103.92978691271955,101.6418773945767,101.65132637995715,7424100,0.0,0.0
2024-09-19 00:00:00-04:00,104.51594543457031,105.27227538123238,103.40035209125048,104.46867165723143,7990700,0.0,0.0
2024-09-20 00:00:00-04:00,103.87306213378906,105.64098890307771,103.74070421137064,105.09265203004385,33515100,0.0,0.0
2024-09-23 00:00:00-04:00,103.70288848876953,104.88466082650109,101.6229648465824,104.0905060648032,8197600,0.0,0.0
2024-09-24 00:00:00-04:00,102.96546173095703,105.38572912410223,102.84255279389008,105.26282018703527,7787400,0.0,0.0
2024-09-25 00:00:00-04:00,99.95902252197266,102.88035992597612,99.92120494617443,102.57782653255539,6561400,0.0,0.0
2024-09-26 00:00:00-04:00,96.72569274902344,98.53144420811125,96.5933348341439,97.37803333876212,9524000,0.0,0.0
2024-09-27 00:00:00-04:00,99.00415802001953,99.11760354527907,96.99986958916733,97.02823097048223,5489500,0.0,0.0
2024-09-30 00:00:00-04:00,99.53358459472656,99.8172128192425,98.20054925061854,98.70161952936004,6584000,0.0,0.0
2024-10-01 00:00:00-04:00,103.40034484863281,103.69342205130144,98.4179891254749,98.83397525542925,8067600,0.0,0.0
2024-10-02 00:00:00-04:00,104.33631134033203,105.54644499757521,102.66291775729611,105.20609400485488,7559900,0.0,0.0
2024-10-03 00:00:00-04:00,106.28387451171875,106.36896587019855,103.98650881428641,104.65775463199336,7397400,0.0,0.0
2024-10-04 00:00:00-04:00,108.28816223144531,108.37324637637144,105.93407378659988,107.37110575586813,7585100,0.0,0.0
2024-10-07 00:00:00-04:00,108.45832824707031,109.74409699745546,108.193612424279,108.66632131153926,4899800,0.0,0.0
2024-10-08 00:00:00-04:00,104.7522964477539,106.75657759276145,104.14722962515177,106.58640209809425,5579800,0.0,0.0
2024-10-09 00:00:00-04:00,104.91301727294922,105.43299274930956,103.57052569155486,103.91087668584719,4217200,0.0,0.0
2024-10-10 00:00:00-04:00,105.75444030761719,106.67149676777666,104.71448212475318,105.54644722845124,3946400,0.0,0.0
2024-10-11 00:00:00-04:00,104.45921325683594,105.60316795725458,104.25122018167518,104.70502391047735,6820300,0.0,0.0
2024-10-14 00:00:00-04:00,103.4948959350586,104.40249622954418,102.95600803480258,103.7123380070576,5174000,0.0,0.0
2024-10-15 00:00:00-04:00,99.46739959716797,101.28259992753752,99.38231546275921,100.21428047760402,6395700,0.0,0.0
2024-10-16 00:00:00-04:00,99.4201431274414,100.21429064770916,99.30669039041787,99.87393964960422,4602900,0.0,0.0
2024-10-17 00:00:00-04:00,100.35610961914062,100.44119376629885,99.21215484745093,99.57141104595121,5093400,0.0,0.0
2024-10-18 00:00:00-04:00,99.90230560302734,100.34665316049971,98.9852491057701,100.14811627134597,4326600,0.0,0.0
2024-10-21 00:00:00-04:00,99.25940704345703,101.00842842938782,98.97578604769163,100.82880396262588,4387000,0.0,0.0
2024-10-22 00:00:00-04:00,99.26887512207031,100.03466127914865,99.04197685570745,100.00629989747402,4710800,0.0,0.0
2024-10-23 00:00:00-04:00,98.80562591552734,99.32560142836336,98.00202214989636,98.88125386503539,4541300,0.0,0.0
2024-10-24 00:00:00-04:00,98.67326354980469,99.42959350163152,97.80347364640345,99.26887419832697,3504600,0.0,0.0
2024-10-25 00:00:00-04:00,98.85289001464844,99.67540615684824,98.55981278358495,99.32559894886228,3823100,0.0,0.0
2024-10-28 00:00:00-04:00,97.62385559082031,97.7089397406574,95.95991804644355,96.24354630516633,4438900,0.0,0.0
2024-10-29 00:00:00-04:00,96.73515319824219,98.09655719736986,96.58389009443117,97.34022003941766,3809400,0.0,0.0
2024-10-30 00:00:00-04:00,97.359130859375,97.78456599573228,96.78242540868987,97.24567812362912,6413100,0.0,0.0
2024-10-31 00:00:00-04:00,103.56107330322266,104.61048770539969,100.21429321154534,101.13134969029156,11969400,0.0,0.0
2024-11-01 00:00:00-04:00,101.95386505126953,104.00542741994032,100.85718401458942,103.53271845984438,7428000,0.0,0.0
2024-11-04 00:00:00-05:00,102.9181900024414,104.06214476066594,102.78583207755368,103.05054792732915,5441700,0.0,0.0
2024-11-05 00:00:00-05:00,103.24907684326172,104.01486295141298,102.65346622725134,103.23017166100846,6003100,0.0,0.0
2024-11-06 00:00:00-05:00,107.42781829833984,108.60014152309083,105.31008451928297,105.8867899343555,7733600,0.0,0.0
2024-11-07 00:00:00-05:00,106.26496124267578,107.76817206943936,105.75443476953947,107.69254412794776,5442000,0.0,0.0
2024-11-08 00:00:00-05:00,106.23641204833984,106.62674558556203,105.25582796089763,105.76992207014679,5314000,0.78,0.0
2024-11-11 00:00:00-05:00,106.6743392944336,107.3407534838858,105.62710662048025,106.16976024999701,3820200,0.0,0.0
2024-11-12 00:00:00-05:00,105.33197784423828,107.4169135809481,105.17013544127651,107.0646619421169,5175700,0.0,0.0
2024-11-13 00:00:00-05:00,106.45537567138672,107.06467074955185,104.24667919719556,105.12253996413665,5961600,0.0,0.0
2024-11-14 00:00:00-05:00,107.50259399414062,107.59779498190002,106.00791596987168,107.18842419750179,4389900,0.0,0.0
2024-11-15 00:00:00-05:00,106.93138122558594,108.5974239397349,106.51248816175014,107.27411059356616,4124000,0.0,0.0
2024-11-18 00:00:00-05:00,108.30230712890625,108.96872136109866,107.34076036813974,107.95005545567862,5089000,0.0,0.0
2024-11-19 00:00:00-05:00,107.66443634033203,108.6640648696793,106.86473932755004,107.21699097177246,5100000,0.0,0.0
2024-11-20 00:00:00-05:00,107.9881362915039,108.52126767224651,107.23603608603042,107.48356448281963,4092700,0.0,0.0
2024-11-21 00:00:00-05:00,106.53153228759766,109.84457314688032,106.15072107322604,108.7878254770997,12535500,0.0,0.0
2024-11-22 00:00:00-05:00,106.38873291015625,107.32172007249956,105.79847513288843,106.7885814382876,7516200,0.0,0.0
2024-11-25 00:00:00-05:00,101.0097885131836,106.58865214043531,100.47665716751962,106.53153300007699,23447400,0.0,0.0
2024-11-26 00:00:00-05:00,101.65716552734375,102.1998191515215,99.86736224801727,101.50484539841185,12073700,0.0,0.0
2024-11-27 00:00:00-05:00,102.23790740966797,103.76114511133956,101.97134171979673,102.20934783766323,6237600,0.0,0.0
2024-11-29 00:00:00-05:00,103.14231872558594,103.31368340598745,102.20933889268747,102.5806278229958,3918700,0.0,0.0
2024-12-02 00:00:00-05:00,101.04786682128906,103.52312874949071,100.47665364760708,103.14231754591286,5939700,0.0,0.0
2024-12-03 00:00:00-05:00,100.96219635009766,102.50447131851854,100.63850425847082,101.89517624843643,5862600,0.0,0.0
2024-12-04 00:00:00-05:00,98.54405212402344,101.01931422303262,97.89667521227919,100.85747181093907,7291000,0.0,0.0
2024-12-05 00:00:00-05:00,99.429443359375,100.79083871578676,99.0200725245555,100.0387384721244,7074700,0.0,0.0
2024-12-06 00:00:00-05:00,98.2679672241211,99.57223610302889,97.48730744712223,99.43895325793422,5365600,0.0,0.0
2024-12-09 00:00:00-05:00,98.21084594726562,100.01017158033912,97.94427299949498,99.21998954203039,6526500,0.0,0.0
2024-12-10 00:00:00-05:00,97.44921875,99.14382103003254,97.2016903707707,98.65828654937464,5860800,0.0,0.0
2024-12-11 00:00:00-05:00,97.28738403320312,97.7919558459707,96.81137179272497,97.4492264517568,8195500,0.0,0.0
2024-12-12 00:00:00-05:00,96.06878662109375,97.69674748926042,96.03070477312046,97.46825640142067,5908600,0.0,0.0
2024-12-13 00:00:00-05:00,96.17350769042969,97.3540232496843,95.75462186739533,96.20207452544197,6887800,0.0,0.0
2024-12-16 00:00:00-05:00,94.79307556152344,96.62096078864653,94.65979271767301,96.27823140063967,7441800,0.0,0.0
2024-12-17 00:00:00-05:00,93.54591369628906,94.49793803643303,92.10835490892828,94.03144088013659,8737800,0.0,0.0
2024-12-18 00:00:00-05:00,91.25154113769531,93.78392963496721,91.15634014635224,93.2983951367365,8466500,0.0,0.0
2024-12-19 00:00:00-05:00,90.61369323730469,92.33685527774193,90.53752953322433,92.33685527774193,9951200,0.0,0.0
2024-12-20 00:00:00-05:00,90.55656433105469,91.75610985586981,89.70926318874902,90.21383496300186,29542200,0.0,0.0
2024-12-23 00:00:00-05:00,91.75611877441406,92.23213102482508,90.04247903095671,90.85169840398135,7892300,0.0,0.0
2024-12-24 00:00:00-05:00,92.45109558105469,92.52725928080766,91.25154273174127,91.87036008133622,2677400,0.0,0.0
2024-12-26 00:00:00-05:00,92.24164581298828,92.48917419684493,91.62282848503163,92.47012964088754,4325600,0.0,0.0
2024-12-27 00:00:00-05:00,92.27021026611328,93.27936114752744,91.84180215821137,92.34637396723328,5889700,0.0,0.0
2024-12-30 00:00:00-05:00,92.43204498291016,92.91757945788713,91.52762471341138,92.58437237245968,5238800,0.0,0.0
2024-12-31 00:00:00-05:00,94.4122543334961,94.53602214923993,92.44156419266274,92.63197342328037,5556400,0.0,0.0
2025-01-02 00:00:00-05:00,95.27859497070312,96.42102124074512,94.74545641643033,95.20243128246857,5080600,0.0,0.0
2025-01-03 00:00:00-05:00,96.2401351928711,96.53526767168493,95.47852009354338,95.79268986290852,5758200,0.0,0.0
2025-01-06 00:00:00-05:00,95.19292449951172,97.24930083633281,94.85971738846301,96.67808760833927,5935500,0.0,0.0
2025-01-07 00:00:00-05:00,96.79232025146484,97.57297997898486,95.11676251551008,95.67845343232712,5074700,0.0,0.0
2025-01-08 00:00:00-05:00,96.74473571777344,97.53491056048763,95.91647175874057,96.15447789213694,5119900,0.0,0.0
2025-01-10 00:00:00-05:00,97.03032684326172,99.42943244173301,96.33535308629709,98.53452716542087,7013200,0.0,0.0
2025-01-13 00:00:00-05:00,99.22952270507812,100.05777942055218,97.1255420437605,97.1255420437605,7342100,0.0,0.0
2025-01-14 00:00:00-05:00,99.84831237792969,99.91495379267229,98.2013143007041,98.42027583627147,4808100,0.0,0.0
2025-01-15 00:00:00-05:00,100.41954040527344,100.79082935313502,99.42943412318584,99.98160277425565,4566900,0.0,0.0
2025-01-16 00:00:00-05:00,100.54329681396484,101.07642815023404,100.0482400616837,100.14344831176295,5273500,0.0,0.0
2025-01-17 00:00:00-05:00,100.77178192138672,101.05739214853169,100.1244050347786,100.72418505910909,8559300,0.0,0.0
2025-01-21 00:00:00-05:00,99.27711486816406,100.65755476745935,99.04863101921438,99.9625736783837,7144700,0.0,0.0
2025-01-22 00:00:00-05:00,98.11564636230469,99.9530540074398,97.98236350832562,99.27711745844005,4839100,0.0,0.0
2025-01-23 00:00:00-05:00,99.00102233886719,100.4195440250299,98.65829294950696,99.11526788977736,5734200,0.0,0.0
2025-01-24 00:00:00-05:00,96.94465637207031,99.72456616295032,96.84945537494684,99.4960823171799,5962100,0.0,0.0
2025-01-27 00:00:00-05:00,97.76338195800781,98.73444359050592,96.5352696858045,97.5444131635689,6831000,0.0,0.0
2025-01-28 00:00:00-05:00,96.51622772216797,98.37267959604203,95.90693270829111,97.95378655023814,4742100,0.0,0.0
2025-01-29 00:00:00-05:00,96.6875991821289,97.01129126660572,95.53565048872,96.29727294118423,4130600,0.0,0.0
2025-01-30 00:00:00-05:00,96.59239959716797,97.36353707556749,96.09735008022052,97.1064936705577,4046900,0.0,0.0
2025-01-31 00:00:00-05:00,94.08857727050781,96.47815338838234,93.83152660388701,96.46863837359643,6264900,0.0,0.0
2025-02-03 00:00:00-05:00,93.75536346435547,94.19329380440321,92.38444604273155,94.01240684922519,5948600,0.0,0.0
2025-02-04 00:00:00-05:00,95.7546157836914,95.96406231358664,92.85093846172516,93.01278086632794,5310900,0.0,0.0
2025-02-05 00:00:00-05:00,95.40237426757812,96.0402289393303,94.63123674690371,95.70702181702474,6961100,0.0,0.0
2025-02-06 00:00:00-05:00,95.14531707763672,96.24966156077961,93.86960065540242,94.14568859203051,8543400,0.0,0.0
2025-02-07 00:00:00-05:00,93.64112854003906,95.63085621907722,93.55544255978933,95.25956725252588,12121700,0.0,0.0
2025-02-10 00:00:00-05:00,94.70738983154297,94.83115038784604,93.12702585241144,94.83115038784604,10338500,0.0,0.0
2025-02-11 00:00:00-05:00,96.83039855957031,97.68722195195573,94.44081533840918,94.75498512617877,8063700,0.0,0.0
2025-02-12 00:00:00-05:00,93.67920684814453,96.8304054370674,93.61256542752402,96.15446895266791,7585800,0.0,0.0
2025-02-13 00:00:00-05:00,92.25115966796875,93.30790726265003,91.78466977678444,93.1270203144203,9329100,0.0,0.0
2025-02-14 00:00:00-05:00,92.38552856445312,94.49697544158798,92.36632946572222,93.00936747161457,7960800,0.78,0.0
2025-02-18 00:00:00-05:00,93.52763366699219,93.70038895821472,91.45457749463328,92.36633705689522,11777700,0.0,0.0
2025-02-19 00:00:00-05:00,95.56230163574219,96.25332276702488,94.2090580222394,94.39140553243662,7515100,0.0,0.0
2025-02-20 00:00:00-05:00,97.89450073242188,97.98087471835863,95.20719778339159,95.73506321626552,6309200,0.0,0.0
2025-02-21 00:00:00-05:00,93.99791717529297,97.48180703303987,93.85395321108776,96.98274025574806,8562200,0.0,0.0
2025-02-24 00:00:00-05:00,94.84249877929688,95.35116512956732,93.94993094808082,94.11308669773139,6277700,0.0,0.0
2025-02-25 00:00:00-05:00,93.17252349853516,95.74465356343381,92.98056912216317,95.28397038245178,5822000,0.0,0.0
2025-02-26 00:00:00-05:00,92.2607650756836,93.47965167897502,91.39699593155058,93.38367814321707,6292400,0.0,0.0
2025-02-27 00:00:00-05:00,93.45085906982422,95.00564936580587,92.4335191022596,93.28769600672912,6306300,0.0,0.0
2025-02-28 00:00:00-05:00,95.15921783447266,95.19760871471134,92.22237773586316,93.22051865513372,9002600,0.0,0.0
2025-03-03 00:00:00-05:00,88.90164947509766,95.74467240117404,87.87471715696879,95.73507284988905,12640200,0.0,0.0
2025-03-04 00:00:00-05:00,86.99174499511719,88.40257875719819,84.90908911886041,87.39483826362265,14000500,0.0,0.0
2025-03-05 00:00:00-05:00,85.30256652832031,85.80164056541929,83.31588457357311,85.25458342780226,12081100,0.0,0.0
2025-03-06 00:00:00-05:00,85.03385162353516,86.03199253845993,84.38122130694249,85.22580602389282,8679000,0.0,0.0
2025-03-07 00:00:00-05:00,86.98214721679688,87.404439595634,85.7920591664428,85.7920591664428,8603700,0.0,0.0
2025-03-10 00:00:00-04:00,89.16077423095703,90.2452890677575,87.00133678505162,87.76913237243126,12086700,0.0,0.0
2025-03-11 00:00:00-04:00,91.56974792480469,92.270361300669,89.16077345584527,89.16077345584527,14544100,0.0,0.0
2025-03-12 00:00:00-04:00,93.81555938720703,93.85395026461059,91.1858465247079,91.34900226193966,10147300,0.0,0.0
2025-03-13 00:00:00-04:00,92.31835174560547,95.37035693609477,92.27036131829111,93.09574687638208,11354700,0.0,0.0
2025-03-14 00:00:00-04:00,94.96725463867188,95.62948444741667,92.34714137524955,93.03816251092915,7625800,0.0,0.0
2025-03-17 00:00:00-04:00,95.36075592041016,96.47406205834147,95.03443712877286,95.25518283979024,8031100,0.0,0.0
2025-03-18 00:00:00-04:00,96.48365783691406,96.86755926758923,94.756112382342,96.41647563571922,7861500,0.0,0.0
2025-03-19 00:00:00-04:00,97.25146484375,98.52793404317418,96.23412491074862,96.45487062254745,8784600,0.0,0.0
2025-03-20 00:00:00-04:00,98.1920166015625,98.49913629754998,96.78118298107559,97.07871044947458,11577800,0.0,0.0
2025-03-21 00:00:00-04:00,97.81771850585938,98.8158593872226,97.26106174700675,98.28800127918905,55090400,0.0,0.0
2025-03-24 00:00:00-04:00,98.07685852050781,98.78707149688988,97.48181086216454,97.92329500004051,6768300,0.0,0.0
2025-03-25 00:00:00-04:00,98.42236328125,99.19015887110909,97.33784111863606,98.45115460905193,6556500,0.0,0.0
2025-03-26 00:00:00-04:00,99.04618835449219,100.64897627839512,98.47993941903454,99.47808020987028,7168400,0.0,0.0
2025-03-27 00:00:00-04:00,98.6814956665039,99.6604374542043,98.11524667570822,98.75827742460513,4712000,0.0,0.0
2025-03-28 00:00:00-04:00,98.2496109008789,99.10378782174352,97.52019884495344,98.31679310850944,3745400,0.0,0.0
2025-03-31 00:00:00-04:00,100.79293823242188,101.21523056070585,97.9040961061117,98.10564272034418,7905800,0.0,0.0
2025-04-01 00:00:00-04:00,101.1480484008789,101.45516809731878,99.83318831051793,100.68737251737468,6809500,0.0,0.0
2025-04-02 00:00:00-04:00,101.8294677734375,101.92544130354449,100.04433228866588,100.19789579468585,6527500,0.0,0.0
2025-04-03 00:00:00-04:00,91.41618347167969,97.35703805303127,91.29141861320964,96.2917150141906,13870900,0.0,0.0
2025-04-04 00:00:00-04:00,82.81681823730469,88.92082807562018,82.10660537452132,88.39296271133563,15158400,0.0,0.0
2025-04-07 00:00:00-04:00,82.2217788696289,85.82084128764208,78.43076938491285,80.62859771352358,12870200,0.0,0.0
2025-04-08 00:00:00-04:00,79.33293914794922,84.72672950472344,77.9988799007742,83.6422146320989,11509800,0.0,0.0
2025-04-09 00:00:00-04:00,87.82672882080078,88.74808798692428,76.66483109177689,77.84532687099522,17841900,0.0,0.0
2025-04-10 00:00:00-04:00,79.93756866455078,85.08182862519794,77.54779350520684,84.93786467823035,15621900,0.0,0.0
2025-04-11 00:00:00-04:00,82.91280364990234,83.47905996935822,79.14098577805107,79.94717960252977,9233400,0.0,0.0
2025-04-14 00:00:00-04:00,82.97038269042969,85.05304570817972,82.14499712335335,85.03384660812053,6537200,0.0,0.0
2025-04-15 00:00:00-04:00,82.26976013183594,84.17966032530029,82.02982266403302,83.11433738247048,5739600,0.0,0.0
2025-04-16 00:00:00-04:00,82.88400268554688,84.8035025025863,82.54809168202712,82.90319446190055,6093300,0.0,0.0
2025-04-17 00:00:00-04:00,85.3985595703125,86.83818459304506,84.16048117208511,84.27564648762434,7804400,0.0,0.0
2025-04-21 00:00:00-04:00,84.02611541748047,84.3236355743003,82.85521924607012,83.74778703884101,6213500,0.0,0.0
2025-04-22 00:00:00-04:00,86.14716339111328,86.82858502304212,84.2852460189932,85.31217824208477,5556800,0.0,0.0
2025-04-23 00:00:00-04:00,86.31031799316406,87.9802809467918,85.49453195573342,87.1261040305947,7699600,0.0,0.0
2025-04-24 00:00:00-04:00,88.10504913330078,88.49854280874689,86.51186068722693,87.09730874779035,6520300,0.0,0.0
2025-04-25 00:00:00-04:00,88.02826690673828,88.30659527193107,86.9629438725666,87.00133474938399,4736600,0.0,0.0
2025-04-28 00:00:00-04:00,89.18956756591797,89.58306125731465,87.93229741225718,87.93229741225718,4667600,0.0,0.0
2025-04-29 00:00:00-04:00,88.18183135986328,88.88245211342841,86.75180584530992,87.33725395762399,4828800,0.0,0.0
2025-04-30 00:00:00-04:00,85.53291320800781,87.09730289953795,84.5251728901633,87.0781111234704,8415300,0.0,0.0
2025-05-01 00:00:00-04:00,87.00133514404297,87.70194851278312,84.69793378072809,84.87068906603449,8027600,0.0,0.0
2025-05-02 00:00:00-04:00,87.73075866699219,88.71930008164752,86.08957958020692,88.06666973182962,6895400,0.0,0.0
2025-05-05 00:00:00-04:00,84.08370208740234,86.19514925896341,84.02611942780159,86.19514925896341,9275000,0.0,0.0
2025-05-06 00:00:00-04:00,84.10289764404297,85.96481515942232,84.05491453299105,84.95707463727508,8902400,0.0,0.0
2025-05-07 00:00:00-04:00,84.17967987060547,84.76512801376204,83.38308553518758,84.64995536644345,9200900,0.0,0.0
2025-05-08 00:00:00-04:00,85.24500274658203,88.54654540109088,85.12023787084753,85.76326867413718,15884200,0.0,0.0
2025-05-09 00:00:00-04:00,85.02425384521484,87.4044372030814,84.74593277294025,87.23168190031438,7569300,0.0,0.0
2025-05-12 00:00:00-04:00,88.55612182617188,90.4276385620703,88.3833665478168,89.63104437174908,8799600,0.0,0.0
2025-05-13 00:00:00-04:00,90.37965393066406,91.25302992786361,88.57532660287032,88.9976189375436,8293600,0.0,0.0
2025-05-14 00:00:00-04:00,88.84405517578125,90.04374264835165,88.65210810909447,89.26634750926563,7605200,0.0,0.0
2025-05-15 00:00:00-04:00,89.21835327148438,89.33352589996488,87.07811501230917,87.25087029387447,6696200,0.0,0.0
2025-05-16 00:00:00-04:00,88.7096939086914,89.85179876619655,87.82672565494009,89.80380833666837,6696200,0.0,0.0
2025-05-19 00:00:00-04:00,87.50948333740234,88.95167931075513,87.11263335195464,88.80649011157598,7190100,0.78,0.0
2025-05-20 00:00:00-04:00,86.81257629394531,87.52883361646927,86.35765360780543,87.2674989800852,5313200,0.0,0.0
2025-05-21 00:00:00-04:00,84.35406494140625,86.68674375142086,84.24759335831128,86.68674375142086,8639100,0.0,0.0
2025-05-22 00:00:00-04:00,83.36677551269531,83.79266180002243,82.13752288967619,83.60875501510783,6587200,0.0,0.0
2025-05-23 00:00:00-04:00,82.45693969726562,82.96993507385532,82.05040851058054,82.3117505152087,6789600,0.0,0.0
2025-05-27 00:00:00-04:00,82.8053970336914,83.03769531174817,81.84715279052769,82.90218736749596,7227100,0.0,0.0
2025-05-28 00:00:00-04:00,81.86651611328125,83.83138870937323,81.57613772431145,83.74427223883062,6793000,0.0,0.0
2025-05-29 00:00:00-04:00,82.85379028320312,82.86347153217972,81.63421137417794,82.07946021154957,6999800,0.0,0.0
2025-05-30 00:00:00-04:00,82.61180877685547,83.28935588106756,81.82779747496241,82.224640057967,20170600,0.0,0.0
2025-06-02 00:00:00-04:00,83.93785858154297,84.75090623867382,83.10544842707336,84.2572733259711,8634400,0.0,0.0
2025-06-03 00:00:00-04:00,85.08967590332031,85.75753430945475,82.64083713206608,83.87977838940411,5642900,0.0,0.0
2025-06-04 00:00:00-04:00,83.19255828857422,86.01888477149018,83.04737648032214,85.12839450131246,7268000,0.0,0.0
2025-06-05 00:00:00-04:00,82.61180877685547,84.0540046854702,82.4956633304293,84.0540046854702,5110200,0.0,0.0
2025-06-06 00:00:00-04:00,84.42181396484375,84.97352696097984,83.94753618544257,83.96689129731195,6042100,0.0,0.0
2025-06-09 00:00:00-04:00,85.21550750732422,85.96080116969931,84.22822694356326,84.9832092389335,6212600,0.0,0.0
2025-06-10 00:00:00-04:00,88.25476837158203,88.74840864632853,86.22214193712355,86.46412145038357,9687600,0.0,0.0
2025-06-11 00:00:00-04:00,90.35515594482422,90.81007864739567,88.21605776400526,88.87424238769026,8738500,0.0,0.0
2025-06-12 00:00:00-04:00,91.65216064453125,91.71991461126144,89.17428546562286,89.72599844746263,7862300,0.0,0.0
2025-06-13 00:00:00-04:00,93.84933471679688,95.09794990707577,92.39745761897892,93.43312965337057,16849700,0.0,0.0
2025-06-16 00:00:00-04:00,91.95221710205078,93.81061803327604,90.99398027573602,93.03628800424661,10330400,0.0,0.0
2025-06-17 00:00:00-04:00,92.4361801147461,93.64607776022707,91.7876767490793,92.85238520017671,9468100,0.0,0.0
2025-06-18 00:00:00-04:00,90.79071807861328,93.06532407016502,90.31643290655117,92.45553095883625,9116000,0.0,0.0
2025-06-20 00:00:00-04:00,91.65216064453125,92.12643841164264,90.68424261431211,91.3230646742499,16026400,0.0,0.0
2025-06-23 00:00:00-04:00,88.76776123046875,93.2201826707437,88.22572949928195,93.1621099522961,9749700,0.0,0.0
2025-06-24 00:00:00-04:00,86.5221939086914,88.7096907696393,86.18342406807814,87.34492277436038,11016200,0.0,0.0
2025-06-25 00:00:00-04:00,86.14471435546875,87.13198760783384,85.95113368155539,86.44476661542326,8380800,0.0,0.0
2025-06-26 00:00:00-04:00,87.97407531738281,87.99343781473088,86.34797261771008,86.41572658917023,6545000,0.0,0.0
2025-06-27 00:00:00-04:00,87.27717590332031,88.03215086225865,86.91905092181993,87.98375938659525,7555700,0.0,0.0
2025-06-30 00:00:00-04:00,86.86096954345703,87.29653712583938,86.2415025408338,86.63835251247356,6518900,0.0,0.0
2025-07-01 00:00:00-04:00,89.03878784179688,89.36788385018363,86.3382953386451,86.97712485718029,11895200,0.0,0.0
2025-07-02 00:00:00-04:00,91.41018676757812,91.44890437732721,88.96135518182336,90.13253518437438,9436000,0.0,0.0
2025-07-03 00:00:00-04:00,90.674560546875,91.72958764565773,90.5487338625499,90.93589516343589,4331500,0.0,0.0
2025-07-07 00:00:00-04:00,89.58082580566406,90.71328824444564,88.3128480349441,90.35515587819768,6287100,0.0,0.0
2025-07-08 00:00:00-04:00,92.71687316894531,93.81061793379611,89.55177693244946,89.58082067774967,12934700,0.0,0.0
2025-07-09 00:00:00-04:00,91.4972915649414,92.71687036870605,91.37146487762286,92.16515737872682,5351500,0.0,0.0
2025-07-10 00:00:00-04:00,92.31034851074219,92.4748928094692,90.20996069752844,91.08108843289027,4065100,0.0,0.0
2025-07-11 00:00:00-04:00,92.54264831542969,93.10404257472214,91.62312909232877,91.66183931709543,4903400,0.0,0.0
2025-07-14 00:00:00-04:00,91.14884185791016,92.59104508297739,90.8003907658456,91.91349801079465,5504200,0.0,0.0
2025-07-15 00:00:00-04:00,89.58082580566406,91.52633592830033,89.50339058302193,91.2456387846945,4152400,0.0,0.0
2025-07-16 00:00:00-04:00,88.57418823242188,90.01638414730076,88.17733826306448,89.44531600754739,3773700,0.0,0.0
2025-07-17 00:00:00-04:00,89.83247375488281,89.98734419077579,87.85792000502035,88.17733474057799,4899400,0.0,0.0
2025-07-18 00:00:00-04:00,88.70001220703125,90.74231994537207,88.00311000831017,90.37451373365991,7968000,0.0,0.0
2025-07-21 00:00:00-04:00,88.0805435180664,89.19365076472596,87.98375318892835,88.79680081524255,4436500,0.0,0.0
2025-07-22 00:00:00-04:00,89.99702453613281,90.30675802018203,88.22573271268166,88.32252304182916,5545500,0.0,0.0
2025-07-23 00:00:00-04:00,91.9909439086914,92.22324220216314,90.16157915526362,90.53906665139128,6921500,0.0,0.0
2025-07-24 00:00:00-04:00,92.55233764648438,92.71688196231345,91.27468596336941,91.37147630299654,5047900,0.0,0.0
2025-07-25 00:00:00-04:00,91.90381622314453,92.92981438137048,91.70055431807124,92.62975476324719,4501800,0.0,0.0
2025-07-28 00:00:00-04:00,93.90740966796875,94.19778804828046,92.6200842229802,92.6200842229802,4632400,0.0,0.0
2025-07-29 00:00:00-04:00,94.8462905883789,94.9237258070873,93.54928390584351,94.18810599861543,5157700,0.0,0.0
2025-07-30 00:00:00-04:00,93.56863403320312,94.32360891381525,92.79430404125952,94.26553619519233,6607600,0.0,0.0
2025-07-31 00:00:00-04:00,92.28130340576172,93.83965205810237,92.0490051412982,92.20387557402634,5648100,0.0,0.0
2025-08-01 00:00:00-04:00,89.78408813476562,92.42650050393443,89.41627451785807,91.89414996126563,6349200,0.0,0.0
2025-08-04 00:00:00-04:00,89.8711929321289,90.85847351660281,89.14525436662765,89.2904435566537,9384500,0.0,0.0
2025-08-05 00:00:00-04:00,90.2099609375,90.51002055997377,89.00974460149139,90.1615694649021,7716200,0.0,0.0
2025-08-06 00:00:00-04:00,90.12285614013672,92.62976050951815,89.60986072151452,91.55537081274635,7078500,0.0,0.0
2025-08-07 00:00:00-04:00,89.62921905517578,92.0877320380002,88.25477705690818,89.0871872552121,10307300,0.0,0.0
2025-08-08 00:00:00-04:00,90.89718627929688,91.88445942649699,88.75808092187759,90.55840905909123,8765300,0.0,0.0
2025-08-11 00:00:00-04:00,90.52937316894531,92.43617289074524,89.89055110206327,91.57472642525623,6491400,0.0,0.0
2025-08-12 00:00:00-04:00,91.55536651611328,93.67510944831396,90.52937572701796,91.3617858563466,7524800,0.0,0.0
2025-08-13 00:00:00-04:00,92.8039779663086,92.8039779663086,91.23595548541896,91.37146341871488,7263300,0.0,0.0
2025-08-14 00:00:00-04:00,92.58135986328125,92.70718654710697,91.26499076853352,92.53296100854836,10057700,0.0,0.0
2025-08-15 00:00:00-04:00,92.2716293334961,93.3363377098936,91.69087998133644,92.38777477315082,6564700,0.0,0.0
2025-08-18 00:00:00-04:00,91.7348861694336,92.32042650693712,91.09078658629517,92.18380067637129,4849500,0.78,0.0
2025-08-19 00:00:00-04:00,91.50067138671875,92.28138935370626,90.94440695008979,91.28597152599366,5412100,0.0,0.0
2025-08-20 00:00:00-04:00,92.60343170166016,92.90595923806616,91.68608053249518,91.73487865893752,6133300,0.0,0.0
2025-08-21 00:00:00-04:00,92.49608612060547,93.07187276834097,91.54945900937103,92.47657133644198,5342100,0.0,0.0
2025-08-22 00:00:00-04:00,94.4478988647461,95.05296145457505,92.88645542629192,92.93525355849815,6338400,0.0,0.0
2025-08-25 00:00:00-04:00,95.81416320800781,95.85320022406907,93.88187186349823,94.45765854346479,6850800,0.0,0.0
2025-08-26 00:00:00-04:00,94.71139526367188,95.6385001955106,94.0575345526972,95.23837636572685,7052100,0.0,0.0
2025-08-27 00:00:00-04:00,95.54090881347656,96.25331386099437,94.43813361649116,94.76018340563996,5759500,0.0,0.0
2025-08-28 00:00:00-04:00,96.07765197753906,96.28259816944687,94.49669380690264,95.7068115001594,4241000,0.0,0.0
2025-08-29 00:00:00-04:00,96.58512878417969,96.92669337223974,95.69705340967394,95.92151439357032,4594300,0.0,0.0
2025-09-02 00:00:00-04:00,96.60464477539062,97.2487443885281,95.43356404584028,96.71199471091354,5192300,0.0,0.0
2025-09-03 00:00:00-04:00,92.36921691894531,95.91174199354305,92.0666819375015,95.2774035786077,9793500,0.0,0.0
2025-09-04 00:00:00-04:00,93.46222686767578,93.85258955609108,91.71536705286682,92.27163146405519,5612700,0.0,0.0
2025-09-05 00:00:00-04:00,90.7101821899414,92.58392163578702,89.90994201613462,91.86174804449742,8510300,0.0,0.0
2025-09-08 00:00:00-04:00,89.19754028320312,90.98344465211737,88.32898716411248,90.78825957473501,9750600,0.0,0.0
2025-09-09 00:00:00-04:00,89.64644622802734,91.40307452889313,89.24632244178343,90.08559958046945,5838300,0.0,0.0
2025-09-10 00:00:00-04:00,92.04717254638672,92.05693366134025,89.48055028424552,89.64645201070977,4353800,0.0,0.0
2025-09-11 00:00:00-04:00,91.86174774169922,91.8910310862894,90.4466913540202,90.59307829477471,4721000,0.0,0.0
2025-09-12 00:00:00-04:00,90.20272064208984,92.77910413936881,90.19295952668097,92.47657657163931,5170400,0.0,0.0
2025-09-15 00:00:00-04:00,90.1051254272461,90.80777677580704,89.48054810531391,90.46620477069344,4932100,0.0,0.0
2025-09-16 00:00:00-04:00,92.26187133789062,92.80837464019834,90.41741524705304,90.83705383862477,7860400,0.0,0.0
2025-09-17 00:00:00-04:00,91.5592269897461,92.90597056448405,90.89561259519051,91.75440462821258,7072700,0.0,0.0
2025-09-18 00:00:00-04:00,91.22740936279297,92.1252382733347,90.67114498935422,91.34451294948629,4416600,0.0,0.0
2025-09-19 00:00:00-04:00,89.70500183105469,91.56898013196731,89.16825964923382,91.52994311856322,15284100,0.0,0.0
2025-09-22 00:00:00-04:00,89.7928466796875,90.59308692710891,88.88525649518702,89.29513401191632,5798800,0.0,0.0
2025-09-23 00:00:00-04:00,91.2176513671875,93.22800909333505,90.3686131068923,90.3686131068923,8241900,0.0,0.0
2025-09-24 00:00:00-04:00,93.32560729980469,94.32103259427117,91.73488798639586,92.21307840284767,7935600,0.0,0.0
2025-09-25 00:00:00-04:00,94.4771728515625,94.73090973190438,92.90596832939275,92.90596832939275,8076300,0.0,0.0
2025-09-26 00:00:00-04:00,96.10692596435547,97.24873063097098,94.52596050212338,94.72113811425388,6812900,0.0,0.0
2025-09-29 00:00:00-04:00,93.5403060913086,95.04319768559711,92.37898652182838,94.85777372304968,8700500,0.0,0.0
2025-09-30 00:00:00-04:00,92.3106689453125,92.77910570067777,91.29573629219537,92.33019117645877,7318300,0.0,0.0
2025-10-01 00:00:00-04:00,93.15969848632812,93.62813519734033,91.56897929380447,91.99837154622098,4794600,0.0,0.0
2025-10-02 00:00:00-04:00,91.12982177734375,93.8233162106022,90.88584602113862,92.71078735795072,5428600,0.0,0.0
2025-10-03 00:00:00-04:00,91.89103698730469,92.42777921047401,91.22742259941113,91.40308545048735,4321600,0.0,0.0
2025-10-06 00:00:00-04:00,92.62295532226562,93.12066048082232,92.0666834764396,92.4960831698286,3454100,0.0,0.0
2025-10-07 00:00:00-04:00,92.93524932861328,92.98404001304921,90.39789548036785,92.17403870681008,4071900,0.0,0.0
2025-10-08 00:00:00-04:00,91.49091339111328,92.91573098885827,91.04199886954017,92.89621620337665,5289400,0.0,0.0
2025-10-09 00:00:00-04:00,89.7342758178711,92.73029766147381,89.60741111117252,92.03740744079911,6940000,0.0,0.0
2025-10-10 00:00:00-04:00,85.52813720703125,88.80717183983842,85.52813720703125,88.7290978139266,7892400,0.0,0.0
2025-10-13 00:00:00-04:00,86.64067077636719,86.83585585186903,85.46959010555351,86.23079328613734,5887300,0.0,0.0
2025-10-14 00:00:00-04:00,86.04536437988281,86.74801572020213,84.65958392844689,84.80597086527156,6003900,0.0,0.0
2025-10-15 00:00:00-04:00,85.62572479248047,86.84560350910394,84.50343488407712,86.78705171328163,6036100,0.0,0.0
2025-10-16 00:00:00-04:00,84.81572723388672,86.29909641168541,83.5372893324069,85.50861742083302,7816600,0.0,0.0
2025-10-17 00:00:00-04:00,84.3960952758789,85.38175195162192,84.05452326717389,84.8352486505724,5774600,0.0,0.0
2025-10-20 00:00:00-04:00,84.96211242675781,85.14753637852453,84.12283525477542,84.61078675264663,4636400,0.0,0.0
2025-10-21 00:00:00-04:00,84.3277816772461,85.56717520934359,84.16187250887795,85.1475366221517,5895500,0.0,0.0
2025-10-22 00:00:00-04:00,85.3036880493164,85.64525262320173,84.43512749636618,85.16705477421299,8307800,0.0,0.0
2025-10-23 00:00:00-04:00,87.90934753417969,88.79741542792473,87.00175741014834,87.54826072937605,7866300,0.0,0.0
2025-10-24 00:00:00-04:00,85.90874481201172,88.41681536763153,85.81115599554022,88.30946543584804,7886600,0.0,0.0
2025-10-27 00:00:00-04:00,86.55284118652344,87.23597032198923,86.18199327394272,86.56259485592355,5716000,0.0,0.0
2025-10-28 00:00:00-04:00,84.69862365722656,86.23079109461723,84.60103484473049,86.1722392962294,5234800,0.0,0.0
2025-10-29 00:00:00-04:00,85.9575424194336,86.27959221282237,84.64982846092283,84.75717839205242,5476300,0.0,0.0
2025-10-30 00:00:00-04:00,86.0160903930664,87.09934332587244,85.18657432669171,85.8111516551773,6114200,0.0,0.0
2025-10-31 00:00:00-04:00,86.71873474121094,87.45066193690276,85.42078206058581,85.79162993822068,5635800,0.0,0.0
2025-11-03 00:00:00-05:00,86.43572998046875,86.68946684982627,85.28416412175277,86.56259469237294,5310100,0.0,0.0
2025-11-04 00:00:00-05:00,85.79163360595703,85.94777420936137,84.91331944446775,85.26464510906347,5740400,0.0,0.0
2025-11-05 00:00:00-05:00,85.5866928100586,86.57235695577204,85.4500669814111,85.49886511116345,6384600,0.0,0.0
2025-11-06 00:00:00-05:00,83.59585571289062,86.23079087120347,83.50802056998734,84.903562177158,13101800,0.0,0.0
2025-11-07 00:00:00-05:00,84.73766326904297,85.27440547700026,83.52753813123698,84.02525076943864,7567400,0.0,0.0
2025-11-10 00:00:00-05:00,86.10393524169922,86.41622394114584,84.31803075163732,85.22562094777125,6071400,0.0,0.0
2025-11-11 00:00:00-05:00,88.50464630126953,89.18777542960063,86.66019020922649,86.97247887439914,6561600,0.0,0.0
2025-11-12 00:00:00-05:00,86.92367553710938,88.08500243123281,86.79681083389241,87.17741238909194,6941500,0.0,0.0
2025-11-13 00:00:00-05:00,87.26525115966797,88.47537633318771,86.50404795262949,87.38236220903912,8207700,0.0,0.0
2025-11-14 00:00:00-05:00,89.16826629638672,89.60741970020909,86.53332353680383,88.0654910607735,7628400,0.0,0.0
2025-11-17 00:00:00-05:00,87.38548278808594,89.35539896450037,86.77480606812927,89.16825452305817,8610800,0.84,0.0
2025-11-18 00:00:00-05:00,88.33104705810547,88.99096721408853,86.77481137996253,87.07030183036638,6876800,0.0,0.0
2025-11-19 00:00:00-05:00,86.6566162109375,87.16879111216329,85.73075320009157,86.67631206633186,5092900,0.0,0.0
2025-11-20 00:00:00-05:00,86.15428161621094,89.2273459150114,86.12473407712764,87.15893551821104,4911200,0.0,0.0
2025-11-21 00:00:00-05:00,86.05579376220703,87.15894204868384,85.23827671802574,86.08534130350422,7046600,0.0,0.0
2025-11-24 00:00:00-05:00,86.24292755126953,86.8043533593513,85.02158162949468,85.78984773375036,7143900,0.0,0.0
2025-11-25 00:00:00-05:00,85.31707000732422,85.67165551069694,84.4109028794641,85.35646923154715,6926400,0.0,0.0
2025-11-26 00:00:00-05:00,85.77999877929688,86.32172874935394,85.10038278870192,85.14962618575815,5066000,0.0,0.0
2025-11-28 00:00:00-05:00,87.3559341430664,88.04540179023883,85.57315491600558,85.77999521015731,3304700,0.0,0.0
2025-12-01 00:00:00-05:00,88.9023208618164,89.80848051694707,87.44457955669117,87.78931339129153,8525400,0.0,0.0
2025-12-02 00:00:00-05:00,87.94691467285156,89.040218827454,87.2475952836739,88.72503251804105,5135000,0.0,0.0
2025-12-03 00:00:00-05:00,90.42900085449219,90.45854839518285,88.61668155554892,88.66592495182202,5647600,0.0,0.0
2025-12-04 00:00:00-05:00,91.71929931640625,91.7980902518577,90.26155804836424,90.26155804836424,7312400,0.0,0.0
2025-12-05 00:00:00-05:00,92.28072357177734,93.6399629970524,90.69494048497295,90.88207740748813,9873600,0.0,0.0
2025-12-08 00:00:00-05:00,91.48290252685547,92.82244609869464,90.87223333488687,91.13816870644841,7974900,0.0,0.0
2025-12-09 00:00:00-05:00,92.0246353149414,92.22162392851277,90.7934376935356,91.23666583138812,6177200,0.0,0.0
2025-12-10 00:00:00-05:00,95.34394836425781,95.9447734144846,92.15267866693175,92.32012725729875,10640100,0.0,0.0
2025-12-11 00:00:00-05:00,95.25529479980469,96.24025287757908,94.46733284636545,94.71357236580904,8225500,0.0,0.0
2025-12-12 00:00:00-05:00,94.10289764404297,96.1910115183885,93.80740720860298,95.97431953435039,5731300,0.0,0.0
2025-12-15 00:00:00-05:00,92.94064331054688,94.16198920305422,91.90643433982646,94.10289412403031,8942100,0.0,0.0
2025-12-16 00:00:00-05:00,89.40464782714844,92.00494425248455,89.39480365620078,91.92614579709739,9060400,0.0,0.0
2025-12-17 00:00:00-05:00,93.5316162109375,93.68921310711528,90.42899682779822,90.54719449993155,9661000,0.0,0.0
2025-12-18 00:00:00-05:00,90.84268951416016,93.06868942542191,90.7737427472562,92.83230158384174,7336900,0.0,0.0
2025-12-19 00:00:00-05:00,90.55704498291016,91.99508282559847,90.22215534029314,91.0593681748854,14612600,0.0,0.0
2025-12-22 00:00:00-05:00,91.90644073486328,93.10809085618713,91.17757382252891,91.70945211465427,4850700,0.0,0.0
2025-12-23 00:00:00-05:00,91.33517456054688,92.36937613196474,91.0495357890216,91.94584381758376,5671100,0.0,0.0
2025-12-24 00:00:00-05:00,90.41915893554688,91.75870258752786,90.31081294056061,91.35486614900921,3079200,0.0,0.0
2025-12-26 00:00:00-05:00,90.1630630493164,91.08892604410961,89.38494526863778,90.5275002421812,4575600,0.0,0.0
2025-12-29 00:00:00-05:00,91.23666381835938,91.33516563760566,90.32065250765879,90.61614293613012,5256400,0.0,0.0
2025-12-30 00:00:00-05:00,92.68455505371094,92.89139535149678,91.70944864568227,91.9458364839184,4553600,0.0,0.0
2025-12-31 00:00:00-05:00,92.2019271850586,93.16718190274987,92.01478274372435,93.02928837165112,3551700,0.0,0.0
2026-01-02 00:00:00-05:00,95.24544525146484,95.48184060596981,91.7291451355184,92.20192832989437,7005600,0.0,0.0
2026-01-05 00:00:00-05:00,97.70783996582031,101.43098787521892,95.64928115539702,99.67775615476536,15706500,0.0,0.0
2026-01-06 00:00:00-05:00,95.64927673339844,98.80113948414196,95.52123489230476,98.69279349758824,9026900,0.0,0.0
2026-01-07 00:00:00-05:00,92.52696990966797,95.77732725703444,92.49742236786265,95.72808385890366,7988400,0.0,0.0
2026-01-08 00:00:00-05:00,97.23506927490234,98.35792095901036,92.91110361960487,92.9800503891682,9605200,0.0,0.0
2026-01-09 00:00:00-05:00,96.04326629638672,98.79130029317393,95.81672262727497,97.64874529179978,8940700,0.0,0.0
2026-01-12 00:00:00-05:00,94.0634994506836,97.24491745058548,93.25583410153534,97.12671977218548,10232900,0.0,0.0
2026-01-13 00:00:00-05:00,95.0090560913086,96.27965292423876,94.4574819677298,95.54093435960264,7868300,0.0,0.0
2026-01-14 00:00:00-05:00,98.8306884765625,100.38692402027856,95.14694742346823,95.14694742346823,13563700,0.0,0.0
2026-01-15 00:00:00-05:00,97.44190979003906,99.00798963685298,96.68349532323568,97.50100487418018,7461400,0.0,0.0
2026-01-16 00:00:00-05:00,96.7130355834961,97.4615983083697,95.66897491626293,96.03341210850694,8939200,0.0,0.0
2026-01-20 00:00:00-05:00,94.08319854736328,97.18581820187596,93.55132776282673,96.13191328906551,10796700,0.0,0.0
2026-01-21 00:00:00-05:00,95.68868255615234,96.44709699969775,94.93026059797288,95.5803365621267,10599100,0.0,0.0
2026-01-22 00:00:00-05:00,95.42273712158203,95.55078648273849,94.5264291666562,95.55078648273849,7771200,0.0,0.0
2026-01-23 00:00:00-05:00,96.8706283569336,97.91468906069713,96.22055991367893,96.90017589781326,6972800,0.0,0.0
2026-01-26 00:00:00-05:00,96.96912384033203,98.19047731881443,96.29935201861507,98.0525837832816,7278200,0.0,0.0
2026-01-27 00:00:00-05:00,98.36776733398438,98.42686241480993,96.81153174541797,97.26461156589289,7276900,0.0,0.0
2026-01-28 00:00:00-05:00,99.86489868164062,99.99294052619756,98.33821065864187,98.91933983084219,6817400,0.0,0.0
2026-01-29 00:00:00-05:00,101.25369262695312,104.12976838855398,101.14534663805557,102.73112973231936,14466900,0.0,0.0
2026-01-30 00:00:00-05:00,102.66218566894531,102.70157737991377,100.19979042855132,100.77106041320096,9169000,0.0,0.0
2026-02-02 00:00:00-05:00,100.25888061523438,101.50977402984992,98.98828383146257,99.98309356411495,7514000,0.0,0.0
2026-02-03 00:00:00-05:00,103.33196258544922,103.64714889122259,100.21949124063215,100.87941139418355,9346600,0.0,0.0
2026-02-04 00:00:00-05:00,105.97163391113281,106.71035245503668,103.87367595171392,103.88352763639672,10367100,0.0,0.0
2026-02-05 00:00:00-05:00,103.4009017944336,106.8088558247452,101.59842671760248,105.34126288565955,10441000,0.0,0.0
2026-02-06 00:00:00-05:00,106.00119018554688,106.50351339064842,103.53879501085169,103.6668368546677,6756100,0.0,0.0
2026-02-09 00:00:00-05:00,107.06494140625,107.25208584808371,105.44961073938161,105.98148900988225,6337800,0.0,0.0
2026-02-10 00:00:00-05:00,105.88299560546875,107.04524646246763,105.49886254816381,106.91720461491063,5255300,0.0,0.0
2026-02-11 00:00:00-05:00,109.53718566894531,109.76372933066928,106.79900344653578,106.86795021060244,8984700,0.0,0.0
2026-02-12 00:00:00-05:00,109.16291046142578,110.29561380461787,107.06494485226426,109.53719184250602,12517700,0.0,0.0
2026-02-13 00:00:00-05:00,109.7538833618164,110.38425595600768,108.72952601759707,108.72952601759707,6836400,0.0,0.0
2026-02-17 00:00:00-05:00,107.14374542236328,111.270722439636,106.25728159214985,109.98042967904627,7619400,0.0,0.0
2026-02-18 00:00:00-05:00,109.70470428466797,109.99256589927657,108.03709713414763,109.1091319251493,9456200,0.84,0.0
2026-02-19 00:00:00-05:00,110.76681518554688,112.96051904133438,110.25065447267048,111.17379431769733,8851700,0.0,0.0
2026-02-20 00:00:00-05:00,109.71463775634766,110.61792847604302,108.77164877419678,110.39955016696881,6822800,0.0,0.0
2026-02-23 00:00:00-05:00,109.06942749023438,111.0844588183371,108.87090589221995,109.88337815907518,4871900,0.0,0.0
2026-02-24 00:00:00-05:00,109.7741928100586,110.0819111426858,107.60035321599366,109.42677621494445,5152200,0.0,0.0
2026-02-25 00:00:00-05:00,109.19847869873047,110.70726260771073,107.85843891364732,110.1712451790547,6907000,0.0,0.0
2026-02-26 00:00:00-05:00,109.88337707519531,110.86607942307995,107.31248681263392,108.36466490333615,7205800,0.0,0.0
2026-02-27 00:00:00-05:00,112.6230239868164,112.95059145054339,110.24072686361427,111.57084584975694,9009900,0.0,0.0
2026-03-02 00:00:00-05:00,117.36775970458984,118.41994539840867,114.86635268663169,118.40008869436876,19667900,0.0,0.0
2026-03-03 00:00:00-05:00,117.64569091796875,121.5963343371751,116.4346970516996,119.95850464576594,17354700,0.0,0.0
2026-03-04 00:00:00-05:00,114.79686737060547,116.57366369556767,113.58586593111397,115.53140637190997,10160600,0.0,0.0
2026-03-05 00:00:00-05:00,115.95823669433594,117.64569302902937,114.97554189110217,116.13690916520696,9875700,0.0,0.0
2026-03-06 00:00:00-05:00,116.20639038085938,118.59861577684836,115.73985629462992,117.89384668502501,11554600,0.0,0.0
2026-03-09 00:00:00-04:00,116.16668701171875,117.89384918680143,115.34280797272878,116.67292694295656,13694700,0.0,0.0
2026-03-10 00:00:00-04:00,113.30793762207031,115.68030641873368,112.09693612959167,115.26340650027464,13917900,0.0,0.0
2026-03-11 00:00:00-04:00,116.16668701171875,116.29573286909891,113.159040053572,113.80424662113177,9522800,0.0,0.0
2026-03-12 00:00:00-04:00,119.37286376953125,120.09747443798231,116.7920450589124,117.12953329942631,12766400,0.0,0.0
2026-03-13 00:00:00-04:00,120.99083709716797,121.35811039490672,118.36038419266093,118.79714080909473,10884500,0.0,0.0
2026-03-16 00:00:00-04:00,120.42504119873047,121.47721932257902,119.51182971112179,120.29600291454022,7556800,0.0,0.0
2026-03-17 00:00:00-04:00,121.96360778808594,123.04556337426045,120.31584974261844,121.05038874484305,7953100,0.0,0.0
2026-03-18 00:00:00-04:00,122.73785400390625,123.94885545852335,122.2018365941685,122.886748991019,10273000,0.0,0.0
2026-03-19 00:00:00-04:00,125.09036254882812,125.41792999675727,123.0554896918388,123.79002868192043,11205400,0.0,0.0
2026-03-20 00:00:00-04:00,125.98372650146484,127.1848071593913,125.17970418535282,125.3683050044363,31964000,0.0,0.0
2026-03-23 00:00:00-04:00,126.25173950195312,127.41310675730399,122.04301193897973,122.7179959765801,10584000,0.0,0.0
2026-03-24 00:00:00-04:00,128.39581298828125,130.03363515889077,126.49989910010663,126.58923155023568,10439700,0.0,0.0
2026-03-25 00:00:00-04:00,127.97889709472656,128.72336446673995,126.86716399931268,127.05576482361913,7495800,0.0,0.0
2026-03-26 00:00:00-04:00,132.26702880859375,132.5648187694907,128.68365879187022,128.68365879187022,8168000,0.0,0.0
2026-03-27 00:00:00-04:00,132.81297302246094,133.87507185713127,131.35381586240686,132.09828318299665,9182900,0.0,0.0
2026-03-30 00:00:00-04:00,131.90968322753906,134.86769582626377,130.93691682993392,134.1530059821626,8913900,0.0,0.0
2026-03-31 00:00:00-04:00,131.02626037597656,134.20265153766377,127.403191810435,131.78064854368108,13519300,0.0,0.0
2026-04-01 00:00:00-04:00,127.43296813964844,128.97152194495894,125.50727675544707,127.20465390395982,12979900,0.0,0.0
2026-04-02 00:00:00-04:00,129.5571746826172,133.41847803798564,128.15757243947215,130.3314195094151,7383800,0.0,0.0
2026-04-06 00:00:00-04:00,130.66891479492188,130.75824724601736,128.39581437731306,129.53732497569592,4210000,0.0,0.0
2026-04-07 00:00:00-04:00,130.79795837402344,132.70379302862847,130.18252171378958,131.026257460473,6794300,0.0,0.0
2026-04-08 00:00:00-04:00,124.29627227783203,124.96132797197866,119.80961139083405,121.25884785677569,12713800,0.0,0.0
2026-04-09 00:00:00-04:00,122.5591812133789,126.96643041095088,122.37058039198855,125.35837818594428,9069400,0.0,0.0
2026-04-10 00:00:00-04:00,121.6459732055664,123.13490796904647,120.42504336734267,122.39044058730643,10487700,0.0,0.0
2026-04-13 00:00:00-04:00,122.70807647705078,124.40546115405411,121.47721831893328,124.03818786238965,8639400,0.0,0.0
2026-04-14 00:00:00-04:00,117.91370391845703,121.37795656272802,117.07989654135949,120.74267835785064,9849200,0.0,0.0
2026-04-15 00:00:00-04:00,118.04273986816406,119.47211958745191,116.48432186931794,117.29827252655387,6592500,0.0,0.0
2026-04-16 00:00:00-04:00,120.6731948852539,121.53677974379256,118.48942700544288,118.62839363926102,6904300,0.0,0.0
2026-04-17 00:00:00-04:00,115.18399047851562,115.64059621574408,111.38224202142932,115.47185209889926,11665700,0.0,0.0
2026-04-20 00:00:00-04:00,115.5909652709961,117.34791252517664,115.21377119221538,115.97808770196188,6124700,0.0,0.0
2026-04-21 00:00:00-04:00,119.37286376953125,119.73020871425994,115.8589768617748,116.17661597118769,8138900,0.0,0.0
2026-04-22 00:00:00-04:00,121.69559478759766,122.32095220918966,120.01806683983726,120.54415588947823,6562700,0.0,0.0
2026-04-23 00:00:00-04:00,123.45254516601562,124.65361828113866,122.46984278473101,122.4797711368053,7958100,0.0,0.0
2026-04-24 00:00:00-04:00,120.8617935180664,123.22423382333457,119.6011579115271,122.55917814879581,10968300,0.0,0.0
2026-04-27 00:00:00-04:00,120.78238677978516,122.73785562264226,119.33315787054256,121.30847584449012,12215400,0.0,0.0
2026-04-28 00:00:00-04:00,123.40290832519531,123.64113575805966,121.55662868099115,123.25401333973751,7241100,0.0,0.0
2026-04-29 00:00:00-04:00,127.30391693115234,127.33369441347317,124.15730341402704,125.07051487972862,9676900,0.0,0.0
2026-04-30 00:00:00-04:00,124.85214233398438,127.15503538113332,122.85696762226729,123.62129171159852,11948000,0.0,0.0
2026-05-01 00:00:00-04:00,122.28125,124.83229122862728,121.56656011020168,124.0778955034942,7784300,0.0,0.0
2026-05-04 00:00:00-04:00,123.98856353759766,124.34590091077732,120.8022365042956,123.09520117186408,7793500,0.0,0.0
2026-05-05 00:00:00-04:00,122.41028594970703,123.82973735011181,122.11249597693427,123.15475330852533,7258300,0.0,0.0
2026-05-06 00:00:00-04:00,118.02289581298828,119.11477977967925,116.55381019686885,117.08982761465106,13180800,0.0,0.0
2026-05-07 00:00:00-04:00,114.03254699707031,115.38251511357238,113.20867552187065,115.27332595906752,10356600,0.0,0.0
2026-05-08 00:00:00-04:00,113.02999877929688,114.6380434065169,112.78184299627023,113.794315258849,8009500,0.0,0.0
2026-05-11 00:00:00-04:00,115.55000305175781,115.97000122070312,113.80000305175781,114.43000030517578,6200100,0.84,0.0
2026-05-12 00:00:00-04:00,117.87000274658203,118.25,115.68000030517578,116.66999816894531,6875300,0.0,0.0
2026-05-13 00:00:00-04:00,117.4000015258789,118.01000213623047,115.69000244140625,117.6500015258789,5977100,0.0,0.0
2026-05-14 00:00:00-04:00,118.97000122070312,119.5199966430664,117.01000213623047,117.12999725341797,5316400,0.0,0.0
2026-05-15 00:00:00-04:00,122.41000366210938,122.4800033569336,120.48999786376953,120.77999877929688,7059500,0.0,0.0
2026-05-18 00:00:00-04:00,124.54000091552734,125.1500015258789,120.38999938964844,122.0,5805200,0.0,0.0
2026-05-19 00:00:00-04:00,125.11000061035156,126.0,124.12000274658203,125.86000061035156,6029000,0.0,0.0
2026-05-20 00:00:00-04:00,122.36000061035156,126.0,121.7699966430664,124.2699966430664,5665700,0.0,0.0
2026-05-21 00:00:00-04:00,120.55000305175781,124.41000366210938,119.80000305175781,124.01000213623047,5754500,0.0,0.0
2026-05-22 00:00:00-04:00,120.45999908447266,121.58999633789062,119.5999984741211,120.05000305175781,4947400,0.0,0.0
2026-05-26 00:00:00-04:00,116.56999969482422,119.88999938964844,116.18000030517578,118.75,7178800,0.0,0.0
2026-05-27 00:00:00-04:00,115.12999725341797,116.44999694824219,114.23999786376953,115.20999908447266,5828700,0.0,0.0
2026-05-28 00:00:00-04:00,114.98999786376953,116.88999938964844,114.44999694824219,115.83000183105469,5989400,0.0,0.0
2026-05-29 00:00:00-04:00,113.9800033569336,114.55000305175781,112.63999938964844,114.12000274658203,12401400,0.0,0.0
2026-06-01 00:00:00-04:00,115.58000183105469,117.5999984741211,115.31999969482422,115.69999694824219,7449900,0.0,0.0
2026-06-02 00:00:00-04:00,116.87000274658203,117.44999694824219,115.37000274658203,115.4800033569336,6113600,0.0,0.0
2026-06-03 00:00:00-04:00,119.05000305175781,119.55000305175781,116.91000366210938,117.58999633789062,7091700,0.0,0.0
2026-06-04 00:00:00-04:00,119.2300033569336,119.58000183105469,117.5999984741211,117.9800033569336,4813500,0.0,0.0
2026-06-05 00:00:00-04:00,117.13999938964844,119.7699966430664,116.98999786376953,119.5,5989900,0.0,0.0
2026-06-08 00:00:00-04:00,118.88999938964844,120.0199966430664,117.97000122070312,117.97000122070312,4758800,0.0,0.0
2026-06-09 00:00:00-04:00,116.79000091552734,118.12000274658203,114.86000061035156,118.0,6289000,0.0,0.0
2026-06-10 00:00:00-04:00,119.91999816894531,121.38999938964844,117.63999938964844,118.0,8723300,0.0,0.0
2026-06-11 00:00:00-04:00,115.36000061035156,121.5199966430664,115.31999969482422,120.9800033569336,6704700,0.0,0.0
2026-06-12 00:00:00-04:00,116.9800033569336,118.51000213623047,113.80000305175781,114.25,6616300,0.0,0.0
2026-06-15 00:00:00-04:00,112.26000213623047,113.62999725341797,110.7300033569336,111.12999725341797,10860500,0.0,0.0
2026-06-16 00:00:00-04:00,111.33999633789062,111.36000061035156,109.4800033569336,109.8499984741211,8197500,0.0,0.0
2026-06-17 00:00:00-04:00,111.20999908447266,111.88999938964844,109.95999908447266,110.83000183105469,7002200,0.0,0.0
2026-06-18 00:00:00-04:00,107.73999786376953,109.87999725341797,106.98999786376953,109.80999755859375,22893000,0.0,0.0
2026-06-22 00:00:00-04:00,109.69999694824219,109.80999755859375,108.12000274658203,109.52999877929688,6867800,0.0,0.0
2026-06-23 00:00:00-04:00,109.97000122070312,110.56999969482422,108.8499984741211,109.4800033569336,7226200,0.0,0.0
2026-06-24 00:00:00-04:00,106.91999816894531,108.02999877929688,106.25,107.51000213623047,7321200,0.0,0.0
2026-06-25 00:00:00-04:00,106.41000366210938,107.20999908447266,105.2300033569336,105.30999755859375,7836300,0.0,0.0
2026-06-26 00:00:00-04:00,105.95999908447266,106.80000305175781,104.63999938964844,106.3499984741211,11265200,0.0,0.0
2026-06-29 00:00:00-04:00,104.19999694824219,106.69999694824219,104.12999725341797,105.87999725341797,5906000,0.0,0.0
2026-06-30 00:00:00-04:00,103.95999908447266,105.16999816894531,103.66000366210938,104.51000213623047,10287200,0.0,0.0
2026-07-01 00:00:00-04:00,103.22000122070312,104.77999877929688,102.69000244140625,103.5999984741211,5744200,0.0,0.0
2026-07-02 00:00:00-04:00,104.7300033569336,104.76000213623047,103.47000122070312,104.12000274658203,6934000,0.0,0.0
2026-07-06 00:00:00-04:00,103.58000183105469,104.62000274658203,103.4000015258789,104.3499984741211,5371800,0.0,0.0
2026-07-07 00:00:00-04:00,108.44000244140625,108.80999755859375,104.55000305175781,104.69999694824219,6754700,0.0,0.0
2026-07-08 00:00:00-04:00,110.72000122070312,111.33999633789062,109.06999969482422,110.02999877929688,9079600,0.0,0.0
2026-07-09 00:00:00-04:00,108.0199966430664,110.4800033569336,107.79000091552734,110.0199966430664,6611900,0.0,0.0
2026-07-10 00:00:00-04:00,109.04000091552734,109.41999816894531,107.61000061035156,108.8499984741211,6977900,0.0,0.0
2026-07-13 00:00:00-04:00,112.8499984741211,113.22000122070312,110.97000122070312,110.97000122070312,5975700,0.0,0.0
2026-07-14 00:00:00-04:00,111.87000274658203,113.75,110.13999938964844,113.08000183105469,6455500,0.0,0.0
2026-07-15 00:00:00-04:00,111.45999908447266,112.45999908447266,109.55000305175781,112.0199966430664,5953900,0.0,0.0
2026-07-16 00:00:00-04:00,112.83999633789062,112.88999938964844,111.80000305175781,112.22000122070312,4916500,0.0,0.0
2026-07-17 00:00:00-04:00,114.70999908447266,116.26000213623047,113.44999694824219,115.66999816894531,5844500,0.0,0.0
2026-07-20 00:00:00-04:00,115.68000030517578,116.68000030517578,113.26000213623047,113.77999877929688,6726000,0.0,0.0
2026-07-21 00:00:00-04:00,117.5,117.55000305175781,115.72000122070312,116.62000274658203,5062300,0.0,0.0
2026-07-22 00:00:00-04:00,118.79000091552734,119.73999786376953,118.4800033569336,118.94000244140625,4691800,0.0,0.0
2026-07-23 00:00:00-04:00,120.19999694824219,122.37999725341797,119.9800033569336,121.23999786376953,7048700,0.0,0.0
2026-07-24 00:00:00-04:00,120.26000213623047,121.69000244140625,119.62999725341797,120.2699966430664,4392500,0.0,0.0
2026-07-27 00:00:00-04:00,115.58000183105469,118.48999786376953,115.45999908447266,117.22000122070312,7322500,0.0,0.0
2026-07-28 00:00:00-04:00,114.0999984741211,117.19000244140625,113.20999908447266,115.98999786376953,7638000,0.0,0.0
2026-07-29 00:00:00-04:00,118.05999755859375,119.0,117.26000213623047,117.94999694824219,5998500,0.0,0.0
2026-07-30 00:00:00-04:00,119.02999877929688,119.12000274658203,116.19999694824219,116.19999694824219,6496700,0.0,0.0
2026-07-31 00:00:00-04:00,120.4800033569336,120.83999633789062,117.83000183105469,119.44999694824219,5801900,0.0,0.0
2026-08-03 00:00:00-04:00,119.16000366210938,119.27999877929688,117.13999938964844,118.54000091552734,6555200,0.0,0.0
2026-08-04 00:00:00-04:00,117.94000244140625,118.47000122070312,116.08000183105469,117.63999938964844,7115400,0.0,0.0
2026-08-05 00:00:00-04:00,115.04000091552734,119.1500015258789,114.70999908447266,118.80000305175781,7905100,0.0,0.0
2026-08-06 00:00:00-04:00,116.76000213623047,120.05000305175781,115.43000030517578,120.0,8648300,0.0,0.0
2026-08-07 00:00:00-04:00,117.61000061035156,118.5199966430664,114.88999938964844,115.61000061035156,7866000,0.0,0.0
2026-08-10 00:00:00-04:00,123.02999877929688,123.26000213623047,119.16999816894531,119.2300033569336,7267300,0.0,0.0
2026-08-11 00:00:00-04:00,125.91999816894531,126.05000305175781,122.56999969482422,122.75,5922800,0.0,0.0
2026-08-12 00:00:00-04:00,127.31999969482422,127.33999633789062,124.81999969482422,125.0,4888838,0.0,0.0
