Date,Open,High,Low,Close,Volume,Dividends,Stock Splits
2024-08-13 00:00:00-04:00,42.22516786982664,42.50954259982626,41.695636318948765,42.480125427246094,10304300,0.0,0.0
2024-08-14 00:00:00-04:00,42.77430795618819,43.09791181435613,42.60760565888163,42.764503479003906,10772200,0.0,0.0
2024-08-15 00:00:00-04:00,43.90201344998225,44.31386882352419,43.75492010758065,43.99026870727539,12913900,0.0,0.0
2024-08-16 00:00:00-04:00,43.882404085867385,44.54922080475536,43.784344343982426,44.44135284423828,10592600,0.0,0.0
2024-08-19 00:00:00-04:00,44.568826780022995,45.03952020341817,44.30406102797468,44.8728141784668,9598100,0.0,0.0
2024-08-20 00:00:00-04:00,44.81398412758303,45.56905606886046,44.78456321404707,45.08855438232422,9188700,0.0,0.0
2024-08-21 00:00:00-04:00,45.35331932316982,46.010327775107456,45.35331932316982,45.657310485839844,11897000,0.0,0.0
2024-08-22 00:00:00-04:00,45.78479027446526,46.0593642821628,45.48080283340134,45.55924987792969,6629400,0.0,0.0
2024-08-23 00:00:00-04:00,46.39276804050236,47.68717594322727,46.27509187426267,47.62833786010742,12918100,0.0,0.0
2024-08-26 00:00:00-04:00,47.922527789356764,48.2167107664192,47.69698738225091,47.80485534667969,8800700,0.0,0.0
2024-08-27 00:00:00-04:00,47.61853720931287,48.50108608258723,47.61853720931287,48.29515838623047,10256500,0.0,0.0
2024-08-28 00:00:00-04:00,48.050003488056575,48.49127977844165,47.89310566711289,48.09903335571289,7397300,0.0,0.0
2024-08-29 00:00:00-04:00,48.53050747153156,48.85410760600867,48.15787372633247,48.510894775390625,8448600,0.0,0.0
2024-08-30 00:00:00-04:00,48.726621304360165,48.89332733186827,48.157868145145194,48.814876556396484,15736900,0.0,0.0
2024-09-03 00:00:00-04:00,48.19709795297696,48.89333181581488,47.187064700212616,47.47144317626953,14946800,0.0,0.0
2024-09-04 00:00:00-04:00,47.726401884285515,48.32457602389077,47.25570839920416,47.51066970825195,8293300,0.0,0.0
2024-09-05 00:00:00-04:00,47.73620353871735,48.118641708962265,46.97132719822751,47.21648025512695,14888500,0.0,0.0
2024-09-06 00:00:00-04:00,47.25580090457655,47.82597879570646,46.2137535949692,46.341552734375,16080900,0.12,0.0
2024-09-09 00:00:00-04:00,46.52834246070461,47.07885497233338,46.25308245480499,46.5971565246582,11374300,0.0,0.0
2024-09-10 00:00:00-04:00,45.201208083881234,45.72222994872912,43.48084890740646,44.060855865478516,18918200,0.0,0.0
2024-09-11 00:00:00-04:00,43.93305280927907,44.129666019172156,43.058127962844125,43.91339111328125,15847700,0.0,0.0
2024-09-12 00:00:00-04:00,43.933049750288816,45.83036015599299,43.86423569413041,45.338829040527344,14596000,0.0,0.0
2024-09-13 00:00:00-04:00,45.525617940651934,46.25308196621554,45.38798606411337,45.515785217285156,8986300,0.0,0.0
2024-09-16 00:00:00-04:00,45.66324553874734,46.88224071615984,45.66324553874734,46.07612991333008,9928000,0.0,0.0
2024-09-17 00:00:00-04:00,46.557832400604504,47.36394320863157,46.282576149107996,46.71512222290039,8941600,0.0,0.0
2024-09-18 00:00:00-04:00,46.911730657243375,48.71073258202547,46.89206896269958,47.83580780029297,14533800,0.0,0.0
2024-09-19 00:00:00-04:00,48.65175276480851,49.01548474999317,47.38360155284522,47.796485900878906,13490200,0.0,0.0
2024-09-20 00:00:00-04:00,47.422922844933424,48.170048477402794,47.088681542229686,48.05208206176758,18091600,0.0,0.0
2024-09-23 00:00:00-04:00,46.79376094597151,47.462243566635514,46.184263409513676,47.22631072998047,14181200,0.0,0.0
2024-09-24 00:00:00-04:00,47.639199678461296,47.94395035121853,46.77410752691174,47.25580596923828,9501000,0.0,0.0
2024-09-25 00:00:00-04:00,45.17170393770405,45.653402263379746,44.21813250716443,44.95542907714844,22910600,0.0,0.0
2024-09-26 00:00:00-04:00,44.94560475781301,45.338827385783084,44.68017751513876,45.034080505371094,11892100,0.0,0.0
2024-09-27 00:00:00-04:00,45.58459631515954,46.272740652746684,45.211035353396895,45.69273376464844,13298600,0.0,0.0
2024-09-30 00:00:00-04:00,44.15915603322817,45.12256037240813,43.716781005135644,44.08051300048828,20251000,0.0,0.0
2024-10-01 00:00:00-04:00,44.385262157832926,44.7096707508026,43.62830377412384,44.119834899902344,15157200,0.0,0.0
2024-10-02 00:00:00-04:00,44.02153246999574,44.76866198382689,43.972380100684965,44.060855865478516,10730100,0.0,0.0
2024-10-03 00:00:00-04:00,43.667627204447776,44.26729582996204,43.313727913240285,44.218143463134766,9409900,0.0,0.0
2024-10-04 00:00:00-04:00,45.034079650532725,45.36832094050928,44.72932902582085,44.906280517578125,11428900,0.0,0.0
2024-10-07 00:00:00-04:00,44.65068617539119,45.33883050935363,44.493396363349916,45.201202392578125,11276700,0.0,0.0
2024-10-08 00:00:00-04:00,45.28967890392281,46.54799742130456,44.99476097017209,45.23069381713867,16608400,0.0,0.0
2024-10-09 00:00:00-04:00,45.26018472815536,47.16732405202978,44.89644901296818,47.11817169189453,17185700,0.0,0.0
2024-10-10 00:00:00-04:00,46.81342242449925,47.147663733287565,46.557827894289275,46.88223648071289,9740100,0.0,0.0
2024-10-11 00:00:00-04:00,46.56765771792701,47.43275354768049,46.48901468799572,47.05918884277344,9181000,0.0,0.0
2024-10-14 00:00:00-04:00,46.94122432560931,47.9439483109519,46.82325790088813,47.80632019042969,6773900,0.0,0.0
2024-10-15 00:00:00-04:00,47.4032597870823,48.08157134507896,47.0002044410116,47.03952407836914,12532100,0.0,0.0
2024-10-16 00:00:00-04:00,47.66868917541641,48.435476514671514,47.5408900355123,48.17987823486328,10152800,0.0,0.0
2024-10-17 00:00:00-04:00,48.170056311203275,48.65175852435286,47.816153256658325,48.54362106323242,8333600,0.0,0.0
2024-10-18 00:00:00-04:00,48.79921169215404,48.90734914454755,48.26835715317773,48.34700393676758,9500100,0.0,0.0
2024-10-21 00:00:00-04:00,48.42564685706955,48.75988818637495,47.806320313130016,48.10123825073242,11492100,0.0,0.0
2024-10-22 00:00:00-04:00,49.17277475589041,53.26231361253359,49.14328408808119,52.8199348449707,42657700,0.0,0.0
2024-10-23 00:00:00-04:00,53.13451638296253,53.27214450447745,51.630432269142226,52.02365493774414,16109800,0.0,0.0
2024-10-24 00:00:00-04:00,52.74129367588172,53.380281918175534,51.591108839616766,51.82704544067383,11800700,0.0,0.0
2024-10-25 00:00:00-04:00,52.29891456862789,52.50535674947042,51.030763314735154,51.188053131103516,8445100,0.0,0.0
2024-10-28 00:00:00-04:00,51.36500644982624,51.96467506772301,51.16839323492949,51.836875915527344,11504900,0.0,0.0
2024-10-29 00:00:00-04:00,51.24703722421852,51.33551297858942,50.10668514015199,50.667030334472656,13807600,0.0,0.0
2024-10-30 00:00:00-04:00,50.62770412630296,51.83687020202779,50.62770412630296,51.089744567871094,8179600,0.0,0.0
2024-10-31 00:00:00-04:00,50.87346742315312,51.23719937692783,49.88057627903798,49.90023422241211,9364600,0.0,0.0
2024-11-01 00:00:00-04:00,50.283639405310105,50.902965969771245,49.9297363684265,50.09685516357422,10289500,0.0,0.0
2024-11-04 00:00:00-05:00,50.12635218581474,51.87620201449273,50.12635218581474,50.922630310058594,9778500,0.0,0.0
2024-11-05 00:00:00-05:00,50.784999206044446,52.829770627854174,50.637538358286676,52.79044723510742,11534000,0.0,0.0
2024-11-06 00:00:00-05:00,53.55723141158913,54.44198894457902,52.23992783474023,54.117576599121094,19150100,0.0,0.0
2024-11-07 00:00:00-05:00,54.19622582474387,54.98267491727676,53.281977582772804,54.451820373535156,10964800,0.0,0.0
2024-11-08 00:00:00-05:00,54.16673001694162,55.13013434944174,53.92096444744536,54.63860321044922,10247500,0.0,0.0
2024-11-11 00:00:00-05:00,55.218608009420784,57.233888739761184,55.012165824876725,56.683372497558594,11276500,0.0,0.0
2024-11-12 00:00:00-05:00,56.526078748348716,57.30269881725943,56.05420932359007,56.43760299682617,10219700,0.0,0.0
2024-11-13 00:00:00-05:00,56.634220141099775,57.43049821020483,56.56540607957428,56.73252487182617,10048600,0.0,0.0
2024-11-14 00:00:00-05:00,56.811165492955645,58.38406351444273,56.20166422830529,56.64404296875,17750200,0.0,0.0
2024-11-15 00:00:00-05:00,56.55557386223244,56.85049555721934,55.97556694555542,56.073875427246094,12625000,0.0,0.0
2024-11-18 00:00:00-05:00,56.51625151915088,56.54574218720638,54.89419727456937,55.2972526550293,12273200,0.0,0.0
2024-11-19 00:00:00-05:00,54.08808750706301,55.8182754829873,53.842321935193446,54.17656326293945,14530600,0.0,0.0
2024-11-20 00:00:00-05:00,54.06842720244196,54.55012938573753,53.655542831118716,53.94062805175781,12183700,0.0,0.0
2024-11-21 00:00:00-05:00,54.2650385153827,54.86470710519472,53.80299804452721,54.736907958984375,11326700,0.0,0.0
2024-11-22 00:00:00-05:00,54.7958942853057,57.902371005188336,54.70741852824858,57.53863525390625,14591700,0.0,0.0
2024-11-25 00:00:00-05:00,58.157961815691074,60.20273306956283,57.90236728399952,59.18034744262695,25347300,0.0,0.0
2024-11-26 00:00:00-05:00,56.67354704141966,57.33219702824302,53.80300297548898,53.86198806762695,25817300,0.0,0.0
2024-11-27 00:00:00-05:00,54.26504146211585,55.12030464070661,54.21588909554585,54.559959411621094,11386800,0.0,0.0
2024-11-29 00:00:00-05:00,55.47420617151142,56.02472241234557,54.648433685302734,54.648433685302734,8064700,0.0,0.0
2024-12-02 00:00:00-05:00,54.55995769733676,54.677924123415295,53.76367588361528,54.107749938964844,10602600,0.0,0.0
2024-12-03 00:00:00-05:00,54.16673376388487,54.27487122195715,52.57417381340876,52.75112533569336,14234800,0.0,0.0
2024-12-04 00:00:00-05:00,52.71179800150636,52.91824392879625,51.866363847141486,52.45620346069336,13225700,0.0,0.0
2024-12-05 00:00:00-05:00,52.701973618764605,52.9968915761832,52.11213395384213,52.48569869995117,10017900,0.0,0.0
2024-12-06 00:00:00-05:00,52.919220466170636,53.10642547933912,52.229525896594865,52.62363815307617,8625900,0.12,0.0
2024-12-09 00:00:00-05:00,53.2049489021618,53.65817534261382,51.88467779758166,51.93394088745117,7959600,0.0,0.0
2024-12-10 00:00:00-05:00,52.97833489522929,52.97833489522929,51.569388746393166,51.9635009765625,7722000,0.0,0.0
2024-12-11 00:00:00-05:00,52.4659915969639,52.66304771617081,50.544701012129075,51.273807525634766,12609100,0.0,0.0
2024-12-12 00:00:00-05:00,51.6285058262383,51.914233241769075,51.17527564172864,51.52997589111328,9454900,0.0,0.0
2024-12-13 00:00:00-05:00,51.480715481237176,52.042322985804404,51.135870086689906,51.756591796875,8849300,0.0,0.0
2024-12-16 00:00:00-05:00,51.28365833879924,51.845265832191316,50.524994727358596,51.470863342285156,11688400,0.0,0.0
2024-12-17 00:00:00-05:00,50.830432075485845,51.16542634977655,50.377205633366906,50.39691162109375,11201600,0.0,0.0
2024-12-18 00:00:00-05:00,50.50528843454218,51.09645678511598,49.224429312764826,49.253990173339844,13565000,0.0,0.0
2024-12-19 00:00:00-05:00,49.87471513269524,50.58411569641478,49.54957571334583,49.598838806152344,11211900,0.0,0.0
2024-12-20 00:00:00-05:00,49.35252172186109,51.37233868270416,49.33281573217808,51.04719924926758,23917800,0.0,0.0
2024-12-23 00:00:00-05:00,50.73190597148215,51.81570898835451,50.60381893033193,51.78615188598633,7553100,0.0,0.0
2024-12-24 00:00:00-05:00,51.92408853038138,52.84039626245238,51.746738404268754,52.72216033935547,4541100,0.0,0.0
2024-12-26 00:00:00-05:00,52.584221951939085,53.57935362828143,52.357608738151406,53.38229751586914,6071900,0.0,0.0
2024-12-27 00:00:00-05:00,53.01774597651308,54.05228586510785,52.96847912967256,53.4808235168457,5884400,0.0,0.0
2024-12-30 00:00:00-05:00,52.9487809243227,53.30347744220902,52.15070530237921,52.869956970214844,7246800,0.0,0.0
2024-12-31 00:00:00-05:00,53.096569299792755,53.421712467172696,52.170410405934035,52.48569869995117,4734400,0.0,0.0
2025-01-02 00:00:00-05:00,52.534960943789415,52.68275397358424,50.26882495764367,50.613670349121094,10167700,0.0,0.0
2025-01-03 00:00:00-05:00,50.74175299227518,51.19497939850788,49.71706426281055,51.00777816772461,8949900,0.0,0.0
2025-01-06 00:00:00-05:00,51.98320722148482,53.599064483189984,51.480717659803965,52.74187088012695,9728200,0.0,0.0
2025-01-07 00:00:00-05:00,52.90937251920386,52.90937251920386,51.155577007234676,51.21469497680664,9093300,0.0,0.0
2025-01-08 00:00:00-05:00,50.98807256362017,50.98807256362017,49.569275375791165,50.249114990234375,7243700,0.0,0.0
2025-01-10 00:00:00-05:00,50.03235462887433,50.091472589860565,49.02737184330458,49.11604690551758,7847700,0.0,0.0
2025-01-13 00:00:00-05:00,48.31797426105187,49.362365243856566,48.2982682744003,49.19486999511719,7950900,0.0,0.0
2025-01-14 00:00:00-05:00,49.68751289109355,50.662934888327904,49.460899661851904,50.19000244140625,7170100,0.0,0.0
2025-01-15 00:00:00-05:00,51.43145066499045,52.170408278687056,50.85998830630267,50.938812255859375,7518900,0.0,0.0
2025-01-16 00:00:00-05:00,50.8994015765009,51.25410184146785,50.40676315483189,51.076751708984375,6415400,0.0,0.0
2025-01-17 00:00:00-05:00,51.165423523259754,51.421593832491524,49.983090634694136,50.21955871582031,9620000,0.0,0.0
2025-01-21 00:00:00-05:00,51.027489171269686,53.26406808089826,50.53485074426426,53.0965690612793,12962100,0.0,0.0
2025-01-22 00:00:00-05:00,52.54481899470141,52.66305117056777,51.65806827937096,51.98320770263672,7778100,0.0,0.0
2025-01-23 00:00:00-05:00,52.259084007005946,53.54979424987629,51.963501709476326,53.42171096801758,7452900,0.0,0.0
2025-01-24 00:00:00-05:00,53.3921521075789,53.79611547299449,52.91921966210696,53.116275787353516,6619600,0.0,0.0
2025-01-27 00:00:00-05:00,53.46111805995157,54.249342514823574,53.283771691991404,54.11140060424805,12075400,0.0,0.0
2025-01-28 00:00:00-05:00,50.22940814893801,50.22940814893801,48.00268435279208,49.30324935913086,33776700,0.0,0.0
2025-01-29 00:00:00-05:00,49.53971557170001,49.864858715007344,48.39679465087307,49.04707717895508,15123000,0.0,0.0
2025-01-30 00:00:00-05:00,49.70721580846308,50.23926618782806,47.056818784515,48.771202087402344,16443200,0.0,0.0
2025-01-31 00:00:00-05:00,48.938695856999715,50.96836737680906,48.455912339592835,48.731788635253906,20564000,0.0,0.0
2025-02-03 00:00:00-05:00,45.81537407366172,48.50517945534952,45.687287029238604,47.19476318359375,28555900,0.0,0.0
2025-02-04 00:00:00-05:00,46.47550374029235,48.2194440856043,46.4163895391672,47.85489273071289,9746700,0.0,0.0
2025-02-05 00:00:00-05:00,47.992829738882754,48.071653683222145,47.03711384422906,47.106082916259766,10719400,0.0,0.0
2025-02-06 00:00:00-05:00,47.28343360227749,47.67754205312605,46.741528374745286,47.22431564331055,9218400,0.0,0.0
2025-02-07 00:00:00-05:00,46.98784683002475,47.60857223459148,46.51491444129427,46.692264556884766,9608500,0.0,0.0
2025-02-10 00:00:00-05:00,46.702123775888204,46.899176137300195,45.75625515185942,45.884342193603516,9017200,0.0,0.0
2025-02-11 00:00:00-05:00,45.67743401427355,46.15036643724004,45.578904077072536,46.012428283691406,7058500,0.0,0.0
2025-02-12 00:00:00-05:00,45.736544463768155,47.28343240331873,45.578900335719574,46.98784637451172,10572400,0.0,0.0
2025-02-13 00:00:00-05:00,47.431225209279845,47.91401250173838,46.6528556244233,47.184906005859375,7748300,0.0,0.0
2025-02-14 00:00:00-05:00,47.67754290073515,47.963274069689554,47.21446161025956,47.6578369140625,5630000,0.0,0.0
2025-02-18 00:00:00-05:00,47.98298277174606,47.99283388637354,46.89917599461313,47.4213752746582,6967300,0.0,0.0
2025-02-19 00:00:00-05:00,47.02726047898173,47.26372856104537,46.52477097257891,47.096229553222656,6836000,0.0,0.0
2025-02-20 00:00:00-05:00,47.086379827904295,47.204611993156945,46.07154215400969,47.184906005859375,5801800,0.0,0.0
2025-02-21 00:00:00-05:00,47.22431661365952,47.38196074894468,45.253763043328746,45.608463287353516,6775700,0.0,0.0
2025-02-24 00:00:00-05:00,45.98286837430951,46.21933646994993,45.36214667050256,45.884342193603516,8127100,0.0,0.0
2025-02-25 00:00:00-05:00,46.03213652019651,46.327718829175694,45.017298789372894,46.022281646728516,7903500,0.0,0.0
2025-02-26 00:00:00-05:00,48.18988868342715,49.45104179897971,47.45093107505818,47.74651336669922,17082000,0.0,0.0
2025-02-27 00:00:00-05:00,47.096232901579164,48.2095967997469,46.85976856123651,46.92873764038086,14881100,0.0,0.0
2025-02-28 00:00:00-05:00,46.82035428379298,48.76135079482638,46.43609693072261,48.40665054321289,21380500,0.0,0.0
2025-03-03 00:00:00-05:00,49.24413313970352,49.75647751764177,46.05183846909251,46.68241500854492,16880500,0.0,0.0
2025-03-04 00:00:00-05:00,45.736547450545196,45.736547450545196,43.75614272769838,44.55421829223633,20786800,0.0,0.0
2025-03-05 00:00:00-05:00,46.01243221915096,48.34753743181186,45.54935087103067,47.7662239074707,27954200,0.0,0.0
2025-03-06 00:00:00-05:00,47.06667725654157,47.618433665319756,45.706994102590365,46.505069732666016,14332000,0.0,0.0
2025-03-07 00:00:00-05:00,47.19651245993119,47.23602488681122,45.477763339886515,46.86066436767578,13824400,0.12,0.0
2025-03-10 00:00:00-04:00,46.238363695463065,47.59163237772011,46.19885126593855,47.492855072021484,21621600,0.0,0.0
2025-03-11 00:00:00-04:00,47.41383113817042,48.223817118665146,45.46788727941193,47.69041061401367,21879900,0.0,0.0
2025-03-12 00:00:00-04:00,47.907727254410354,48.14479807817506,46.35690009628363,47.31505584716797,10041800,0.0,0.0
2025-03-13 00:00:00-04:00,47.186638488502446,48.668320654181606,46.29762768184991,46.534698486328125,14189900,0.0,0.0
2025-03-14 00:00:00-04:00,47.20639683377943,48.15467255827218,47.05822710327809,47.74967956542969,14143900,0.0,0.0
2025-03-17 00:00:00-04:00,47.91760110997473,48.66832220803041,47.690410289490515,48.40161895751953,14102400,0.0,0.0
2025-03-18 00:00:00-04:00,48.74734939820259,49.221491081611596,47.601515160876055,48.075653076171875,19265400,0.0,0.0
2025-03-19 00:00:00-04:00,48.23370053265926,49.59684556156079,48.10528700914372,49.181976318359375,13291600,0.0,0.0
2025-03-20 00:00:00-04:00,48.213946413304875,49.369656870876426,48.15467776107819,48.83625030517578,12906900,0.0,0.0
2025-03-21 00:00:00-04:00,48.38186653116916,49.42892340019175,48.144799468670506,49.19185256958008,37624900,0.0,0.0
2025-03-24 00:00:00-04:00,50.140124842316155,51.25632650702766,49.84378915090156,50.83157730102539,16024400,0.0,0.0
2025-03-25 00:00:00-04:00,50.871087605077356,52.115698964241744,50.871087605077356,51.947776794433594,14836200,0.0,0.0
2025-03-26 00:00:00-04:00,52.046553753275745,52.63922887551884,50.03146888836443,50.32780456542969,20510100,0.0,0.0
2025-03-27 00:00:00-04:00,46.4161654053018,47.80894650343319,45.69507676194083,46.623600006103516,35799000,0.0,0.0
2025-03-28 00:00:00-04:00,46.33714184100182,46.564332662716524,45.25057638617275,46.10995101928711,18820100,0.0,0.0
2025-03-31 00:00:00-04:00,45.102400869924026,46.69274018598984,45.05301222251642,46.45566940307617,15878600,0.0,0.0
2025-04-01 00:00:00-04:00,46.435918111501955,47.18663919685879,45.932147825578085,46.682865142822266,14065600,0.0,0.0
2025-04-02 00:00:00-04:00,46.29763179804289,47.68053678287203,46.29763179804289,47.39407730102539,12305600,0.0,0.0
2025-04-03 00:00:00-04:00,46.37665434172335,47.19651654584303,45.29008511713023,45.3394775390625,18871200,0.0,0.0
2025-04-04 00:00:00-04:00,43.917059513100675,44.18376276133157,42.20818649423991,43.640480041503906,26717400,0.0,0.0
2025-04-07 00:00:00-04:00,41.24015520200983,44.79619102954881,41.09198547248206,42.998416900634766,25522100,0.0,0.0
2025-04-08 00:00:00-04:00,44.391196730527284,44.84558212922929,41.42783237224639,41.961238861083984,16415600,0.0,0.0
2025-04-09 00:00:00-04:00,41.348811809333945,45.73458975899052,41.13149721449307,45.18143081665039,23918100,0.0,0.0
2025-04-10 00:00:00-04:00,43.62072932442878,43.91706504821887,42.099534502696294,43.195980072021484,17437900,0.0,0.0
2025-04-11 00:00:00-04:00,42.96878497042539,43.40341040441024,42.22794385024564,43.097198486328125,10735600,0.0,0.0
2025-04-14 00:00:00-04:00,43.33426144917505,45.30983758340101,42.58354417613866,44.58875274658203,22020900,0.0,0.0
2025-04-15 00:00:00-04:00,43.66023799113089,44.322054258208915,43.59109312048432,43.99608612060547,9799300,0.0,0.0
2025-04-16 00:00:00-04:00,43.818282412227354,44.5097348625706,43.35402078149024,43.67999267578125,9877000,0.0,0.0
2025-04-17 00:00:00-04:00,43.72938298988102,44.72704738935623,43.39353485942258,44.025718688964844,11707500,0.0,0.0
2025-04-21 00:00:00-04:00,43.92694051060166,44.14425134264201,43.23548804766128,43.84791564941406,6424600,0.0,0.0
2025-04-22 00:00:00-04:00,44.54924423266468,45.09253073178794,44.193643662483225,44.60851287841797,8438500,0.0,0.0
2025-04-23 00:00:00-04:00,45.9321447411311,46.84090794667027,45.122158834241866,45.28020477294922,9032800,0.0,0.0
2025-04-24 00:00:00-04:00,45.6456903439255,46.49518877139647,45.28020977679712,46.30751037597656,7509200,0.0,0.0
2025-04-25 00:00:00-04:00,45.97165956481905,46.97920388965439,45.97165956481905,46.534698486328125,8108100,0.0,0.0
2025-04-28 00:00:00-04:00,46.62360402253702,47.226155430393526,46.08032126349218,46.663116455078125,15269800,0.0,0.0
2025-04-29 00:00:00-04:00,45.34935489967395,46.88042581514564,44.78631594216573,46.36677551269531,24183100,0.0,0.0
2025-04-30 00:00:00-04:00,45.64569010265624,45.971662005103056,44.173887850097934,44.687538146972656,17948600,0.0,0.0
2025-05-01 00:00:00-04:00,45.93214860096293,45.97166103098823,44.17388691407698,44.499855041503906,15875500,0.0,0.0
2025-05-02 00:00:00-04:00,45.151792432867275,45.260449725047565,44.40107514670458,44.74679946899414,11649800,0.0,0.0
2025-05-05 00:00:00-04:00,44.727043667332524,45.19130527706781,44.59863392822014,44.82582473754883,8084300,0.0,0.0
2025-05-06 00:00:00-04:00,44.46034079209326,45.40862023333183,44.29241862352645,44.90484619140625,9638200,0.0,0.0
2025-05-07 00:00:00-04:00,45.151800961607705,45.3789918117568,44.420839751234666,44.91473388671875,8711100,0.0,0.0
2025-05-08 00:00:00-04:00,45.53703149443919,47.13725098541371,45.527155271063506,46.771766662597656,14499500,0.0,0.0
2025-05-09 00:00:00-04:00,46.97920195980481,47.38419491772932,46.67298630162289,46.9199333190918,8582900,0.0,0.0
2025-05-12 00:00:00-04:00,49.132582975380366,49.52769596435122,48.27320459394063,49.00416946411133,13160600,0.0,0.0
2025-05-13 00:00:00-04:00,48.9547810906348,50.001834097084675,48.79673514052278,49.843788146972656,10427600,0.0,0.0
2025-05-14 00:00:00-04:00,49.74501014267388,50.18951554865739,49.478306899083776,49.695621490478516,8949300,0.0,0.0
2025-05-15 00:00:00-04:00,49.18197027229687,49.62647566973496,48.974535676196616,49.507938385009766,7286600,0.0,0.0
2025-05-16 00:00:00-04:00,49.49806337356489,49.7746428418017,49.241236351819865,49.754886627197266,6099800,0.0,0.0
2025-05-19 00:00:00-04:00,49.102948768639656,49.73513259122363,48.57942224708345,49.41904067993164,9406500,0.0,0.0
2025-05-20 00:00:00-04:00,49.646236193461384,49.932695692653645,49.29063558576527,49.59684753417969,6565400,0.0,0.0
2025-05-21 00:00:00-04:00,49.2708753687139,49.92281541540326,48.688080193028505,48.7671012878418,7515600,0.0,0.0
2025-05-22 00:00:00-04:00,48.74734081833941,49.07331269729569,48.302839191562704,48.67819595336914,6378200,0.0,0.0
2025-05-23 00:00:00-04:00,47.77930986987232,48.56953960498156,47.720044994809506,48.095401763916016,5611900,0.0,0.0
2025-05-27 00:00:00-04:00,48.56954539086025,48.856004881497206,47.907729086402156,48.49052429199219,8936800,0.0,0.0
2025-05-28 00:00:00-04:00,48.490523552857404,48.490523552857404,47.43359046583054,47.5422477722168,8419600,0.0,0.0
2025-05-29 00:00:00-04:00,47.85833806534206,48.026260247215326,47.38420019120755,47.99662780761719,8400400,0.0,0.0
2025-05-30 00:00:00-04:00,47.86821161358073,49.33013758580947,47.70028944109347,49.00416946411133,17722800,0.0,0.0
2025-06-02 00:00:00-04:00,48.50039366468714,48.58929474342536,46.46555261285389,47.10761260986328,13019200,0.0,0.0
2025-06-03 00:00:00-04:00,46.96932569495738,48.539909001375726,46.712502434385854,48.46088790893555,12403500,0.0,0.0
2025-06-04 00:00:00-04:00,48.46088882462744,48.50039748753769,47.01871523718791,47.087860107421875,9889300,0.0,0.0
2025-06-05 00:00:00-04:00,46.92981214605138,47.26566025917049,46.248239696535855,46.67298889160156,10095800,0.0,0.0
2025-06-06 00:00:00-04:00,47.2080954860133,47.40628304342483,46.77208588379853,47.03963851928711,7949200,0.15,0.0
2025-06-09 00:00:00-04:00,47.43601073728387,48.12966531108387,47.297280578546534,47.49546813964844,6467700,0.0,0.0
2025-06-10 00:00:00-04:00,47.65401214929662,48.88277186781006,47.406278670412796,48.48639678955078,7942600,0.0,0.0
2025-06-11 00:00:00-04:00,48.88277571366325,49.94307478429603,48.82331831321268,49.417877197265625,10605800,0.0,0.0
2025-06-12 00:00:00-04:00,49.011595456900004,49.09087199252563,48.15939159949091,48.81340789794922,6602200,0.0,0.0
2025-06-13 00:00:00-04:00,48.179211821742236,48.73413624331726,47.97111658119411,48.20894241333008,8701700,0.0,0.0
2025-06-16 00:00:00-04:00,48.803495534744755,49.02150220666807,48.2089366950976,48.82331466674805,5884700,0.0,0.0
2025-06-17 00:00:00-04:00,48.42694400265717,48.803499984829706,47.812565974985446,47.84229278564453,9078700,0.0,0.0
2025-06-18 00:00:00-04:00,47.8621059817291,48.25848104853821,47.50536917762347,47.65401077270508,8418000,0.0,0.0
2025-06-20 00:00:00-04:00,47.98101863920827,48.298120971624506,47.35673299067464,47.76301574707031,22249800,0.0,0.0
2025-06-23 00:00:00-04:00,47.525191892618324,48.139573670511254,47.19818565093874,48.080116271972656,10626500,0.0,0.0
2025-06-24 00:00:00-04:00,48.51612497965107,48.9224077453914,48.40712164101851,48.555763244628906,12550400,0.0,0.0
2025-06-25 00:00:00-04:00,48.57558373650566,48.654856488566786,47.386462214683974,47.69365310668945,6906500,0.0,0.0
2025-06-26 00:00:00-04:00,47.60446852610412,48.744040316356596,47.287369960110986,48.71431350708008,10386300,0.0,0.0
2025-06-27 00:00:00-04:00,48.872862171766116,49.685427709357555,48.63504014033659,49.22959899902344,10695800,0.0,0.0
2025-06-30 00:00:00-04:00,49.13050707851953,49.17014156365224,48.486398498671925,48.763858795166016,9634700,0.0,0.0
2025-07-01 00:00:00-04:00,48.37739530553479,51.65738805232989,48.35757617285201,51.558292388916016,13748000,0.0,0.0
2025-07-02 00:00:00-04:00,51.55829163514173,52.29158441323165,51.488926561822645,52.20240020751953,9461800,0.0,0.0
2025-07-03 00:00:00-04:00,52.31140768306435,53.47079866890794,52.22222347029844,52.410499572753906,6612300,0.0,0.0
2025-07-07 00:00:00-04:00,51.806025546836125,52.78705181775432,50.94391407125608,51.350196838378906,11028600,0.0,0.0
2025-07-08 00:00:00-04:00,51.687115841835606,52.38077037843967,51.52856655747866,51.71684265136719,7523400,0.0,0.0
2025-07-09 00:00:00-04:00,52.15285644751702,52.31140573317842,51.7862081530831,52.09339904785156,5322600,0.0,0.0
2025-07-10 00:00:00-04:00,51.964578204985685,52.80687438287348,51.786209780497124,52.66814422607422,6397200,0.0,0.0
2025-07-11 00:00:00-04:00,52.341135612848205,53.07442846461172,52.08349442607978,52.905967712402344,7698200,0.0,0.0
2025-07-14 00:00:00-04:00,52.86632719424807,53.2032449042181,52.21231090784897,52.84651184082031,6934000,0.0,0.0
2025-07-15 00:00:00-04:00,52.975328613580004,53.26270036931133,52.21230901048979,52.23212814331055,7702700,0.0,0.0
2025-07-16 00:00:00-04:00,52.26186254831415,53.03478988419077,52.26186254831415,52.697872161865234,8242500,0.0,0.0
2025-07-17 00:00:00-04:00,52.81678049255699,53.401431693229846,52.41049771108013,52.727596282958984,6827000,0.0,0.0
2025-07-18 00:00:00-04:00,52.925779130789486,53.22305854298632,52.40058537657131,52.73750305175781,6497300,0.0,0.0
2025-07-21 00:00:00-04:00,52.866326435641845,53.8077144747067,52.6978694731307,52.727596282958984,13055500,0.0,0.0
2025-07-22 00:00:00-04:00,51.251103050896646,51.61774753927994,48.42693913844391,48.44675827026367,33792400,0.0,0.0
2025-07-23 00:00:00-04:00,49.447606778983946,52.78705321052388,49.417876189308465,52.64832305908203,25657000,0.0,0.0
2025-07-24 00:00:00-04:00,52.48977562867293,52.91587755464601,51.76639425623599,51.86548614501953,10219800,0.0,0.0
2025-07-25 00:00:00-04:00,52.38077301669969,52.985243375041236,51.607845689043714,52.91587829589844,6491300,0.0,0.0
2025-07-28 00:00:00-04:00,52.7375092153261,53.45097913196101,52.54922933417686,52.965423583984375,6954500,0.0,0.0
2025-07-29 00:00:00-04:00,53.3023427257668,53.3023427257668,51.60784643073145,51.6375732421875,8443000,0.0,0.0
2025-07-30 00:00:00-04:00,51.91503356274627,52.271770420672304,51.221378981236,51.6375732421875,7854200,0.0,0.0
2025-07-31 00:00:00-04:00,52.09339523227829,54.21399319021904,51.9843918975988,52.856414794921875,14455100,0.0,0.0
2025-08-01 00:00:00-04:00,51.677208339518394,52.549227516363814,51.40965571249316,52.05376052856445,9540500,0.0,0.0
2025-08-04 00:00:00-04:00,52.22222275173894,52.757328020971556,52.00421606128567,52.291587829589844,7417700,0.0,0.0
2025-08-05 00:00:00-04:00,52.836598647700406,52.84651010420178,51.77629960883756,52.103309631347656,6913100,0.0,0.0
2025-08-06 00:00:00-04:00,52.251949649827445,52.648324764022874,51.61775249120536,51.99430847167969,5390500,0.0,0.0
2025-08-07 00:00:00-04:00,52.32131383402349,52.94560330517732,52.06367266027685,52.46995544433594,6029200,0.0,0.0
2025-08-08 00:00:00-04:00,52.61859109338524,53.33206474512894,52.60868341716126,53.04469299316406,4126600,0.0,0.0
2025-08-11 00:00:00-04:00,53.460886349215095,54.253632738225946,52.85641604630903,53.52033996582031,6690700,0.0,0.0
2025-08-12 00:00:00-04:00,53.82753274286393,54.25363465074918,53.460888233792815,53.668983459472656,6780600,0.0,0.0
2025-08-13 00:00:00-04:00,53.98608122510576,55.28420606243547,53.66898266302893,55.07611083984375,6942100,0.0,0.0
2025-08-14 00:00:00-04:00,55.125658074810936,55.99767725092589,54.32300019440762,55.90849304199219,6647600,0.0,0.0
2025-08-15 00:00:00-04:00,56.40396227035127,56.47333112904523,55.78958424001666,55.799495697021484,5597300,0.0,0.0
2025-08-18 00:00:00-04:00,55.621122962059886,56.03731340129394,55.581484697338645,55.72021484375,6740600,0.0,0.0
2025-08-19 00:00:00-04:00,55.96795057064866,56.88951947172208,55.79949360900302,56.542694091796875,5987900,0.0,0.0
2025-08-20 00:00:00-04:00,56.38414397623751,56.67151195246608,56.12649902913358,56.25532150268555,7258200,0.0,0.0
2025-08-21 00:00:00-04:00,55.878765831677384,56.116591647166175,54.59055242973859,55.997676849365234,8192100,0.0,0.0
2025-08-22 00:00:00-04:00,56.53278392074923,58.24709928643127,56.48323797679223,57.840816497802734,6320200,0.0,0.0
2025-08-25 00:00:00-04:00,57.67235612610584,57.89035902266368,57.35525756737353,57.75162887573242,3802000,0.0,0.0
2025-08-26 00:00:00-04:00,57.711990007403024,58.40564068937239,57.573256090896436,58.266910552978516,7311100,0.0,0.0
2025-08-27 00:00:00-04:00,58.02909299149227,58.6930169180308,57.89035906434812,58.217369079589844,9848100,0.0,0.0
2025-08-28 00:00:00-04:00,58.455199061925086,58.465106738800465,57.2363469000233,57.95973205566406,7209300,0.0,0.0
2025-08-29 00:00:00-04:00,57.94981548057026,58.1380915654802,57.33543750549993,58.05881881713867,4972500,0.0,0.0
2025-09-02 00:00:00-04:00,57.018340450876444,58.10836628499067,56.47332753381933,57.99936294555664,5675900,0.0,0.0
2025-09-03 00:00:00-04:00,57.59308112448145,58.316462467040054,57.1768906726449,57.226436614990234,6762600,0.0,0.0
2025-09-04 00:00:00-04:00,57.47417256496039,57.71199839054799,56.95888642628164,57.6228141784668,5880100,0.0,0.0
2025-09-05 00:00:00-04:00,57.70228924044613,58.42754136516268,57.38436681478784,57.89105224609375,7378100,0.15,0.0
2025-09-08 00:00:00-04:00,57.751969657296904,57.88112151170904,57.026717452954564,57.82151412963867,6399200,0.0,0.0
2025-09-09 00:00:00-04:00,57.761895648710734,57.781766036849696,57.22540653862567,57.63274002075195,4616400,0.0,0.0
2025-09-10 00:00:00-04:00,57.50359118891344,57.50359118891344,56.241849900294056,56.96710205078125,7207400,0.0,0.0
2025-09-11 00:00:00-04:00,57.16579680123982,58.32818603515625,57.096252340572455,58.32818603515625,5808500,0.0,0.0
2025-09-12 00:00:00-04:00,59.46077544397713,59.60980146359175,58.09968603839407,58.11955642700195,12020300,0.0,0.0
2025-09-15 00:00:00-04:00,58.57656461660341,58.63617578305935,57.94072733396341,58.56663131713867,4773400,0.0,0.0
2025-09-16 00:00:00-04:00,58.596433638454016,59.00376712501086,57.78176666534034,58.07981491088867,6786900,0.0,0.0
2025-09-17 00:00:00-04:00,57.89105303648848,59.18259798567064,57.841378959575536,58.348060607910156,6252600,0.0,0.0
2025-09-18 00:00:00-04:00,58.417607128081784,59.01370744166901,58.099688476790966,58.87461471557617,5922800,0.0,0.0
2025-09-19 00:00:00-04:00,59.113054291266046,59.1329246802683,58.348061369180606,58.596435546875,13159600,0.0,0.0
2025-09-22 00:00:00-04:00,58.39773362936968,58.79513381726906,58.079814995005805,58.49708557128906,7633800,0.0,0.0
2025-09-23 00:00:00-04:00,58.66598033875866,59.53032142075921,58.07981712455387,58.199039459228516,5898800,0.0,0.0
2025-09-24 00:00:00-04:00,59.70914891936042,59.76876008448786,58.675915253041694,59.53031921386719,10756100,0.0,0.0
2025-09-25 00:00:00-04:00,59.1428569537191,60.23570559054745,58.725590161578744,60.19596481323242,7740100,0.0,0.0
2025-09-26 00:00:00-04:00,60.255576449184446,61.57692509115757,60.06680965041032,60.841739654541016,8641400,0.0,0.0
2025-09-29 00:00:00-04:00,61.44776721689519,61.73588215933075,60.35492240130454,60.72251510620117,9788400,0.0,0.0
2025-09-30 00:00:00-04:00,61.30867938038615,61.65640549326768,60.15622338003952,60.57349395751953,6964800,0.0,0.0
2025-10-01 00:00:00-04:00,60.543685631956414,61.18945998262823,59.73895575576211,60.94108581542969,8094400,0.0,0.0
2025-10-02 00:00:00-04:00,61.080176633021004,61.10004702179853,58.82493867027524,58.97396469116211,9614600,0.0,0.0
2025-10-03 00:00:00-04:00,58.93422277596165,60.21583440320373,58.28844841776986,59.738956451416016,13031900,0.0,0.0
2025-10-06 00:00:00-04:00,59.55019229626712,59.55019229626712,57.75196565062947,57.81157302856445,8921500,0.0,0.0
2025-10-07 00:00:00-04:00,58.248712217759746,58.27851590580877,56.26171883019056,56.88761901855469,10702900,0.0,0.0
2025-10-08 00:00:00-04:00,56.95716678964847,57.324759502055066,55.87425525103308,56.0332145690918,5430000,0.0,0.0
2025-10-09 00:00:00-04:00,56.41073937198661,56.500154223346655,55.54639833543215,55.556331634521484,5441800,0.0,0.0
2025-10-10 00:00:00-04:00,55.87425893184471,56.18224049905968,54.86089179125466,54.99004364013672,5454400,0.0,0.0
2025-10-13 00:00:00-04:00,55.53646717623814,55.8345154289595,54.99004095804497,55.25828552246094,3993600,0.0,0.0
2025-10-14 00:00:00-04:00,54.15550120832334,56.87768372122206,53.97667529642173,56.77833557128906,9005000,0.0,0.0
2025-10-15 00:00:00-04:00,56.8876174881164,57.87118085605371,56.63924332135222,57.42410659790039,7976900,0.0,0.0
2025-10-16 00:00:00-04:00,57.513524488557714,58.020209937867854,56.440550002182555,56.96710205078125,6061300,0.0,0.0
2025-10-17 00:00:00-04:00,57.354565124843724,58.78519903563809,57.17573541225828,58.00033950805664,7956200,0.0,0.0
2025-10-20 00:00:00-04:00,58.15929950776425,58.17916989715916,57.30489171322953,57.62281036376953,10184600,0.0,0.0
2025-10-21 00:00:00-04:00,63.34534738525068,67.11070454566236,61.9544542910235,66.18675231933594,43706500,0.0,0.0
2025-10-22 00:00:00-04:00,66.61396496042683,67.15044657420916,65.46150500838071,66.87226867675781,18831900,0.0,0.0
2025-10-23 00:00:00-04:00,67.5279717150252,68.03465715288692,66.13707482312186,66.41525268554688,12647200,0.0,0.0
2025-10-24 00:00:00-04:00,67.0212881316551,69.24671867241157,66.85239550762066,69.20698547363281,12571000,0.0,0.0
2025-10-27 00:00:00-04:00,69.11756164990317,69.1771690233851,68.34263547552644,68.92879486083984,9724800,0.0,0.0
2025-10-28 00:00:00-04:00,69.00828160098756,69.73353754525665,68.21348876894609,69.41561889648438,13072200,0.0,0.0
2025-10-29 00:00:00-04:00,69.15730164367311,69.78320179749143,68.1439308272688,68.680419921875,10575900,0.0,0.0
2025-10-30 00:00:00-04:00,68.21348967951222,69.32620117517932,67.94524131553635,68.22341918945312,7559500,0.0,0.0
2025-10-31 00:00:00-04:00,68.33270447170335,68.86919362014874,68.18367844494988,68.64068603515625,6993600,0.0,0.0
2025-11-03 00:00:00-05:00,68.44199295593872,68.48173373693756,67.33921091750275,67.77635192871094,10252300,0.0,0.0
2025-11-04 00:00:00-05:00,67.55777580397009,67.68692764663984,66.31590492522064,66.43512725830078,8478200,0.0,0.0
2025-11-05 00:00:00-05:00,66.6040240069924,68.8095880371238,66.6040240069924,68.32276916503906,7807000,0.0,0.0
2025-11-06 00:00:00-05:00,68.24329265086004,68.94867441794968,67.76641088646417,68.3923110961914,6086300,0.0,0.0
2025-11-07 00:00:00-05:00,68.50158951118878,70.2998235632333,68.13400060965847,70.28988647460938,8408500,0.0,0.0
2025-11-10 00:00:00-05:00,70.53825853949878,70.87604374491585,69.4156101111816,70.58793640136719,8592700,0.0,0.0
2025-11-11 00:00:00-05:00,70.65748778380565,71.17410273088325,70.52832836220254,70.7568359375,6164000,0.0,0.0
2025-11-12 00:00:00-05:00,70.70715417415508,71.91922128985375,70.52832447544908,71.37279510498047,9167200,0.0,0.0
2025-11-13 00:00:00-05:00,71.69072607796791,72.39610783097999,71.0151480134273,71.42247772216797,9004300,0.0,0.0
2025-11-14 00:00:00-05:00,70.8959273036062,71.3032570216766,69.98191213058031,70.06138610839844,7100900,0.0,0.0
2025-11-17 00:00:00-05:00,69.85275468763659,70.00178071741647,67.05109413093402,67.46836853027344,8031700,0.0,0.0
2025-11-18 00:00:00-05:00,67.38887969503702,67.97503908116902,66.62388302865365,67.48822784423828,6092400,0.0,0.0
2025-11-19 00:00:00-05:00,67.55777133468294,69.20697939085237,67.17030825252802,68.05451965332031,10557100,0.0,0.0
2025-11-20 00:00:00-05:00,68.49166750049602,69.43548636909544,67.33920764684167,67.59751892089844,9385200,0.0,0.0
2025-11-21 00:00:00-05:00,67.84589300739543,70.07132357357877,67.74654484975645,69.87262725830078,10852400,0.0,0.0
2025-11-24 00:00:00-05:00,70.02165406958764,70.75683954009183,69.7931464826557,70.53826904296875,13768100,0.0,0.0
2025-11-25 00:00:00-05:00,70.68729701714976,72.63454978547286,70.68729701714976,72.30669403076172,12089700,0.0,0.0
2025-11-26 00:00:00-05:00,71.96890550696214,72.97233174626716,71.75033501371836,72.33649444580078,7704300,0.0,0.0
2025-11-28 00:00:00-05:00,72.46564782283599,73.37966291848944,72.43584413620479,73.0418701171875,3755000,0.0,0.0
2025-12-01 00:00:00-05:00,72.61466723410983,73.44920836991398,72.43584511191392,72.47557830810547,9826900,0.0,0.0
2025-12-02 00:00:00-05:00,72.67428380809659,73.35979136446367,71.62117217087179,73.18096923828125,8973700,0.0,0.0
2025-12-03 00:00:00-05:00,73.13129117629157,74.43276940076366,73.13129117629157,74.20426940917969,8392400,0.0,0.0
2025-12-04 00:00:00-05:00,74.51224670314197,75.7342508841757,74.41289855682666,74.80036163330078,12659100,0.0,0.0
2025-12-05 00:00:00-05:00,74.74064381949871,76.65196368869825,74.6610035928879,75.70626068115234,8817800,0.15,0.0
2025-12-08 00:00:00-05:00,75.97503363244823,76.3234501150083,74.86009329334634,75.36779022216797,10018200,0.0,0.0
2025-12-09 00:00:00-05:00,75.73612091726535,77.00037718709811,75.54697728515985,76.81124114990234,7970100,0.0,0.0
2025-12-10 00:00:00-05:00,76.81123748290197,80.58409985385994,76.75150352066737,80.43478393554688,14421300,0.0,0.0
2025-12-11 00:00:00-05:00,79.96691183678115,80.85288844707038,79.93704865136395,80.48455810546875,9686800,0.0,0.0
2025-12-12 00:00:00-05:00,80.49451273096392,81.18139635556113,80.27550591761931,80.52437591552734,9649500,0.0,0.0
2025-12-15 00:00:00-05:00,80.2854611108791,81.64926380923065,80.21577781676558,81.60945129394531,14362200,0.0,0.0
2025-12-16 00:00:00-05:00,81.69903824508089,82.66465500056623,80.81306170745002,81.39044189453125,10732600,0.0,0.0
2025-12-17 00:00:00-05:00,80.81306503936362,81.12166140263665,80.02663494417185,80.1460952758789,8864300,0.0,0.0
2025-12-18 00:00:00-05:00,80.1361384510026,81.60945216428432,80.02663504552648,80.80310821533203,9086200,0.0,0.0
2025-12-19 00:00:00-05:00,80.72346866103778,82.31624271933752,80.72346866103778,81.97777557373047,23751000,0.0,0.0
2025-12-22 00:00:00-05:00,82.2266445392224,83.30176473661159,82.20673828145274,82.65470123291016,9119900,0.0,0.0
2025-12-23 00:00:00-05:00,82.35606267512354,83.05289562813462,82.28637937982242,82.37596893310547,4819900,0.0,0.0
2025-12-24 00:00:00-05:00,82.37596905879062,82.77416257322288,82.22664554151483,82.50537872314453,2370100,0.0,0.0
2025-12-26 00:00:00-05:00,82.42574336297999,82.70447653536701,82.1868227052974,82.68456268310547,3411600,0.0,0.0
2025-12-29 00:00:00-05:00,82.69451947904051,82.98320957710378,82.12709620902903,82.5551528930664,4759400,0.0,0.0
2025-12-30 00:00:00-05:00,82.79406233326516,82.83388244107412,81.80853934844755,81.9578628540039,3240500,0.0,0.0
2025-12-31 00:00:00-05:00,81.87822739949009,81.8981336570976,80.88274743110723,80.95243072509766,4483700,0.0,0.0
2026-01-02 00:00:00-05:00,81.04202456826086,81.12165719035443,79.20038062589205,80.61396789550781,7468900,0.0,0.0
2026-01-05 00:00:00-05:00,80.17595892338642,83.0031184359385,79.60853563559057,82.77416229248047,10468400,0.0,0.0
2026-01-06 00:00:00-05:00,82.3261942399075,82.42574831738051,80.81306795818092,81.80854797363281,7972900,0.0,0.0
2026-01-07 00:00:00-05:00,81.7289080728366,82.3261945654879,81.22121113637357,81.5397720336914,6362000,0.0,0.0
2026-01-08 00:00:00-05:00,82.42574613769919,84.79498577765457,82.05741580755466,84.74520874023438,11643400,0.0,0.0
2026-01-09 00:00:00-05:00,83.1325365824457,84.02847009771888,80.63387966621423,82.49542999267578,12142900,0.0,0.0
2026-01-12 00:00:00-05:00,81.8284509034559,82.5252914428711,80.69360433959831,82.5252914428711,7376400,0.0,0.0
2026-01-13 00:00:00-05:00,82.59497040568412,83.48094692933816,82.24655395170373,82.8637466430664,6022800,0.0,0.0
2026-01-14 00:00:00-05:00,82.6248348944804,83.31171848240787,80.5840979826169,80.86283874511719,7550000,0.0,0.0
2026-01-15 00:00:00-05:00,81.49994850238546,81.78863860728606,80.25559853035331,80.5442886352539,6416800,0.0,0.0
2026-01-16 00:00:00-05:00,80.63388336655106,81.27098998555817,79.86736707630844,80.45469665527344,9838700,0.0,0.0
2026-01-20 00:00:00-05:00,79.38953139376815,79.62844447138782,77.00037783284208,77.45829772949219,12071700,0.0,0.0
2026-01-21 00:00:00-05:00,78.90174400981992,80.89270393622024,78.67278027652375,80.56419372558594,8215400,0.0,0.0
2026-01-22 00:00:00-05:00,80.84293006148934,81.90809335997076,80.39496709849527,80.77324676513672,6789300,0.0,0.0
2026-01-23 00:00:00-05:00,80.30537018536774,80.38501040855083,78.87188414262073,79.3198471069336,6865600,0.0,0.0
2026-01-26 00:00:00-05:00,78.8917895545396,80.25559988100636,78.81214933221098,79.07097625732422,10939200,0.0,0.0
2026-01-27 00:00:00-05:00,83.25198549600297,86.91535201631287,82.03750633655652,85.98955535888672,23632000,0.0,0.0
2026-01-28 00:00:00-05:00,85.6809603474897,85.6809603474897,84.04837381126801,84.51625061035156,10072700,0.0,0.0
2026-01-29 00:00:00-05:00,85.80041863656307,86.22847531544544,84.75516165943588,85.87010192871094,9696200,0.0,0.0
2026-01-30 00:00:00-05:00,85.62123237189232,86.03933212687289,83.03298602855786,83.62031555175781,7767200,0.0,0.0
2026-02-02 00:00:00-05:00,83.86918523459053,84.1479184035675,82.72438178065582,83.88909149169922,6948400,0.0,0.0
2026-02-03 00:00:00-05:00,85.08367299686677,86.23842579569164,84.4963358738718,85.32258605957031,6903000,0.0,0.0
2026-02-04 00:00:00-05:00,85.77056134111704,87.22396124490334,84.93435418303288,85.89997100830078,8838900,0.0,0.0
2026-02-05 00:00:00-05:00,84.76512123361141,85.32258758821034,82.89361402332733,82.9234848022461,9142700,0.0,0.0
2026-02-06 00:00:00-05:00,83.1623971046617,84.31714991355871,82.26646361807214,83.8592300415039,8052700,0.0,0.0
2026-02-09 00:00:00-05:00,81.89813235498339,82.02754960955757,80.21577639970288,80.31532287597656,9766800,0.0,0.0
2026-02-10 00:00:00-05:00,80.68365390632422,81.13161685097322,79.09087989221811,79.90717315673828,7425800,0.0,0.0
2026-02-11 00:00:00-05:00,80.12618303372717,81.62935995955714,78.72256018377561,79.45921325683594,9654400,0.0,0.0
2026-02-12 00:00:00-05:00,79.84745114574585,81.79859106507585,79.24020772859251,79.56871795654297,6863400,0.0,0.0
2026-02-13 00:00:00-05:00,80.12618668889115,81.14158058785732,79.68818063366595,80.7135238647461,6314100,0.0,0.0
2026-02-17 00:00:00-05:00,80.57414921571124,81.01215522717432,79.24020213944522,80.8528823852539,7953300,0.0,0.0
2026-02-18 00:00:00-05:00,81.57958228113671,83.55063600644567,81.33071228321388,83.29180908203125,8426900,0.0,0.0
2026-02-19 00:00:00-05:00,82.873706341453,83.12257633046637,80.65378269769361,81.10175323486328,6062600,0.0,0.0
2026-02-20 00:00:00-05:00,80.83297470313069,81.65922494370595,80.23568820924741,81.1415786743164,8602300,0.0,0.0
2026-02-23 00:00:00-05:00,80.70355713062015,81.16147698424686,78.08544766480573,79.29993438720703,7490500,0.0,0.0
2026-02-24 00:00:00-05:00,79.64835610325927,82.21668870457938,79.38952917936003,80.92256927490234,5814200,0.0,0.0
2026-02-25 00:00:00-05:00,81.07188818659775,82.68456081756865,81.00220489507319,82.05741119384766,9309300,0.0,0.0
2026-02-26 00:00:00-05:00,82.02755093274428,82.54519717466322,79.64835441535048,80.4248275756836,6403700,0.0,0.0
2026-02-27 00:00:00-05:00,79.62844602005227,79.71804317272081,77.47821308983657,78.35423278808594,13351400,0.0,0.0
2026-03-02 00:00:00-05:00,77.01033005790842,77.40852355957031,74.70081686216069,77.40852355957031,8948700,0.0,0.0
2026-03-03 00:00:00-05:00,75.07910169222316,77.08997559666284,73.85466551414156,76.92073822021484,9271800,0.0,0.0
2026-03-04 00:00:00-05:00,77.86644841477549,78.98138117693706,77.6872617072981,78.2447280883789,8510600,0.0,0.0
2026-03-05 00:00:00-05:00,77.64743485127586,77.81666461727609,74.7306783408867,75.8555679321289,8641900,0.0,0.0
2026-03-06 00:00:00-05:00,74.5783404932325,75.05730563658905,73.19134757472135,75.04732513427734,8190700,0.18,0.0
2026-03-09 00:00:00-04:00,73.24123933332129,74.53842290119847,71.76443718310506,74.52845001220703,8829600,0.0,0.0
2026-03-10 00:00:00-04:00,74.67811978560658,77.0330157890516,74.67811978560658,74.76792907714844,8915600,0.0,0.0
2026-03-11 00:00:00-04:00,75.29678386846837,76.41436411978897,74.20914512387075,74.62823486328125,5636100,0.0,0.0
2026-03-12 00:00:00-04:00,73.0815851938514,73.85989689378228,72.94188861247369,73.29113006591797,7341000,0.0,0.0
2026-03-13 00:00:00-04:00,73.43082270547013,73.78007175305916,71.9340671742908,72.2334213256836,7229700,0.0,0.0
2026-03-16 00:00:00-04:00,73.16141590778624,73.69026835301469,72.27334149732846,72.7922134399414,7471500,0.0,0.0
2026-03-17 00:00:00-04:00,73.43082866081018,74.40871237016098,73.39092187608746,73.8798599243164,4689900,0.0,0.0
2026-03-18 00:00:00-04:00,73.37095642089844,74.64818661556338,73.26119373733574,73.37095642089844,6000500,0.0,0.0
2026-03-19 00:00:00-04:00,72.34319081974685,74.2390828603602,72.34319081974685,73.63040161132812,9495200,0.0,0.0
2026-03-20 00:00:00-04:00,73.36097497324786,73.74015791626489,71.94404822011151,72.65251159667969,17760000,0.0,0.0
2026-03-23 00:00:00-04:00,74.5883178726927,76.6837741097484,74.43864079585464,75.55622100830078,7694800,0.0,0.0
2026-03-24 00:00:00-04:00,74.8178235807306,76.70373495138313,74.6082711058649,76.40438079833984,7122200,0.0,0.0
2026-03-25 00:00:00-04:00,77.73150851172528,78.1206643561697,76.22477241922175,76.44429779052734,7190700,0.0,0.0
2026-03-26 00:00:00-04:00,75.80568010148271,77.00308148781325,74.74797528979431,75.43647766113281,8470900,0.0,0.0
2026-03-27 00:00:00-04:00,75.047323540083,75.09721843768891,72.52279702423164,72.82215118408203,7563200,0.0,0.0
2026-03-30 00:00:00-04:00,73.55057282927787,74.06945239227097,72.26336203744765,72.60263061523438,7192300,0.0,0.0
2026-03-31 00:00:00-04:00,73.88983593479068,74.92757975813564,73.2512208375511,74.33885955810547,5778200,0.0,0.0
2026-04-01 00:00:00-04:00,75.03734314563091,75.70589975520355,74.55838562465422,74.87769317626953,5147700,0.0,0.0
2026-04-02 00:00:00-04:00,73.1813675101713,73.5206360747643,71.51498142010601,72.38310241699219,8182800,0.0,0.0
2026-04-06 00:00:00-04:00,72.36314377607765,73.47074357580935,71.99394891809574,73.27117919921875,5065000,0.0,0.0
2026-04-07 00:00:00-04:00,72.82215599858584,73.02172037641826,71.44513590770592,72.60263061523438,5904600,0.0,0.0
2026-04-08 00:00:00-04:00,75.85556886537205,76.89332030645988,75.55622231939387,76.57401275634766,7248800,0.0,0.0
2026-04-09 00:00:00-04:00,75.42649988284562,77.14278084801386,75.21695501331591,76.56404113769531,6674900,0.0,0.0
2026-04-10 00:00:00-04:00,76.94321735332649,77.30243930884924,75.97531417388426,76.25470733642578,4069500,0.0,0.0
2026-04-13 00:00:00-04:00,75.44646351237992,76.69375988361634,74.98745936131206,76.66382598876953,3970200,0.0,0.0
2026-04-14 00:00:00-04:00,78.45992512864619,79.68726805963934,77.93107270597744,79.28813171386719,5859600,0.0,0.0
2026-04-15 00:00:00-04:00,79.36795830546727,79.36795830546727,77.59180960955446,77.61176300048828,6475600,0.0,0.0
2026-04-16 00:00:00-04:00,77.42217568105222,78.18053399638154,76.84343595822283,77.88118743896484,5615100,0.0,0.0
2026-04-17 00:00:00-04:00,79.22826625281257,82.49119017855365,79.22826625281257,81.14411163330078,7298200,0.0,0.0
2026-04-20 00:00:00-04:00,80.68510650974376,80.984460677461,80.15625407795034,80.36579895019531,3958700,0.0,0.0
2026-04-21 00:00:00-04:00,80.26601356104669,81.02436422664307,78.82912579399265,78.87902069091797,5355900,0.0,0.0
2026-04-22 00:00:00-04:00,79.41785232370272,79.6274048171855,78.45992960690968,78.82913208007812,3170200,0.0,0.0
2026-04-23 00:00:00-04:00,78.76926369169367,78.92891367016807,76.9931148586429,78.35016632080078,4741500,0.0,0.0
2026-04-24 00:00:00-04:00,78.06079841857198,78.35016447354027,76.75362666197287,77.88118743896484,6123400,0.0,0.0
2026-04-27 00:00:00-04:00,76.4442957340968,78.65949516620012,76.4442957340968,77.79137420654297,8322700,0.0,0.0
2026-04-28 00:00:00-04:00,77.85124703421276,79.22826710166753,74.6182569683889,78.77923583984375,15041700,0.0,0.0
2026-04-29 00:00:00-04:00,78.0308537820207,78.14061646587292,75.21695362294763,76.45427703857422,9250200,0.0,0.0
2026-04-30 00:00:00-04:00,76.9531997298436,77.91112243026993,76.34451849109986,76.72369384765625,11020300,0.0,0.0
2026-05-01 00:00:00-04:00,76.95319572143691,77.33237105824249,75.35665035766242,75.60610961914062,7161900,0.0,0.0
2026-05-04 00:00:00-04:00,75.74581499447257,76.8434342395704,75.04732448367022,75.53626251220703,7765400,0.0,0.0
2026-05-05 00:00:00-04:00,76.10502609738515,76.99310804824857,75.85556684260916,75.98529052734375,5115800,0.0,0.0
2026-05-06 00:00:00-04:00,78.0308589717601,79.27815535949854,77.66166411324103,78.52977752685547,5434800,0.0,0.0
2026-05-07 00:00:00-04:00,78.64951909911301,79.1983325435596,78.00092346828325,78.24040985107422,6735000,0.0,0.0
2026-05-08 00:00:00-04:00,78.95884281776355,79.1584147949731,77.90113798367673,78.62956237792969,2950300,0.0,0.0
2026-05-11 00:00:00-04:00,78.62956162353399,78.82912598593634,74.94754051793872,75.12715148925781,6366900,0.0,0.0
2026-05-12 00:00:00-04:00,75.23691439657252,76.72368945570867,74.7978636625085,76.27466583251953,5272400,0.0,0.0
2026-05-13 00:00:00-04:00,76.05514346838508,77.49203129995112,75.28680465343662,75.64602661132812,8101600,0.0,0.0
2026-05-14 00:00:00-04:00,75.71587480752731,79.09854189602216,75.71587480752731,77.58183288574219,8035000,0.0,0.0
2026-05-15 00:00:00-04:00,76.43431630091403,76.99311022417123,74.6382141835022,74.69808197021484,8477500,0.0,0.0
2026-05-18 00:00:00-04:00,74.65816784755202,74.81782542989241,72.93190639973606,72.94188690185547,5651700,0.0,0.0
2026-05-19 00:00:00-04:00,72.08374455987676,72.72235964689399,70.27766198061485,72.472900390625,6995600,0.0,0.0
2026-05-20 00:00:00-04:00,73.23125943147835,75.99527228322805,73.0416679585944,75.97531127929688,8069100,0.0,0.0
2026-05-21 00:00:00-04:00,75.2169556022316,77.20265685297993,74.83778025624133,77.04299926757812,6362600,0.0,0.0
2026-05-22 00:00:00-04:00,77.83129093633944,79.67728798084076,77.5219638828463,78.61958312988281,6440900,0.0,0.0
2026-05-26 00:00:00-04:00,79.128485958383,79.99659937282135,78.49984370611467,79.61742401123047,5021700,0.0,0.0
2026-05-27 00:00:00-04:00,80.4755610999217,84.33718568290061,80.4755610999217,83.93805694580078,10368600,0.0,0.0
2026-05-28 00:00:00-04:00,83.41917894747355,85.00574387444794,83.19965357027898,84.16755676269531,7658000,0.0,0.0
2026-05-29 00:00:00-04:00,84.61658271710945,84.82612757869339,81.04432434254372,83.05995178222656,15552600,0.0,0.0
2026-06-01 00:00:00-04:00,83.24954508213149,83.25952558420498,80.2759873343131,82.50116729736328,7510600,0.0,0.0
2026-06-02 00:00:00-04:00,82.71071737362716,84.02786205327249,80.84475923875753,81.55323028564453,10550800,0.0,0.0
2026-06-03 00:00:00-04:00,80.53542835243788,83.93805638770685,80.16622589889336,81.52328491210938,9719500,0.0,0.0
2026-06-04 00:00:00-04:00,81.88250627781261,83.45909065143402,81.46341654190591,83.04000091552734,6859300,0.0,0.0
2026-06-05 00:00:00-04:00,81.97000122070312,83.0999984741211,81.4000015258789,82.11000061035156,7371600,0.18,0.0
2026-06-08 00:00:00-04:00,81.66999816894531,84.16999816894531,81.51000213623047,83.7699966430664,8935300,0.0,0.0
2026-06-09 00:00:00-04:00,84.55000305175781,85.0999984741211,81.66000366210938,83.76000213623047,8987000,0.0,0.0
2026-06-10 00:00:00-04:00,83.51000213623047,83.79000091552734,79.0,79.4000015258789,11366200,0.0,0.0
2026-06-11 00:00:00-04:00,80.04000091552734,81.08999633789062,79.08999633789062,80.8499984741211,6020800,0.0,0.0
2026-06-12 00:00:00-04:00,81.72000122070312,82.12999725341797,80.5,81.5,4953800,0.0,0.0
2026-06-15 00:00:00-04:00,82.63999938964844,84.95999908447266,82.63999938964844,84.06999969482422,7893300,0.0,0.0
2026-06-16 00:00:00-04:00,84.6500015258789,85.41000366210938,82.22000122070312,82.51000213623047,7894200,0.0,0.0
2026-06-17 00:00:00-04:00,82.5,83.18000030517578,79.16000366210938,79.58000183105469,11406000,0.0,0.0
2026-06-18 00:00:00-04:00,80.61000061035156,80.94999694824219,78.94000244140625,79.29000091552734,18900900,0.0,0.0
2026-06-22 00:00:00-04:00,80.80000305175781,83.31999969482422,80.06999969482422,80.43000030517578,10845600,0.0,0.0
2026-06-23 00:00:00-04:00,79.19000244140625,80.20999908447266,78.5999984741211,78.94999694824219,7860800,0.0,0.0
2026-06-24 00:00:00-04:00,79.12999725341797,80.56999969482422,78.94000244140625,78.94999694824219,9359000,0.0,0.0
2026-06-25 00:00:00-04:00,79.0999984741211,80.43000030517578,78.38999938964844,78.52999877929688,8450200,0.0,0.0
2026-06-26 00:00:00-04:00,78.38999938964844,79.5,77.80999755859375,78.0999984741211,12592000,0.0,0.0
2026-06-29 00:00:00-04:00,78.25,78.45999908447266,77.05999755859375,77.33999633789062,7111000,0.0,0.0
2026-06-30 00:00:00-04:00,77.26000213623047,77.26000213623047,75.9000015258789,77.08000183105469,7845300,0.0,0.0
2026-07-01 00:00:00-04:00,76.98999786376953,77.5199966430664,75.19999694824219,75.5199966430664,7662000,0.0,0.0
2026-07-02 00:00:00-04:00,76.88999938964844,77.19999694824219,74.22000122070312,76.0,6018600,0.0,0.0
2026-07-06 00:00:00-04:00,76.52999877929688,78.06999969482422,76.12000274658203,77.8499984741211,9015700,0.0,0.0
2026-07-07 00:00:00-04:00,77.72000122070312,77.72000122070312,75.63999938964844,76.02999877929688,7825500,0.0,0.0
2026-07-08 00:00:00-04:00,75.22000122070312,76.30999755859375,74.58000183105469,76.23999786376953,5273500,0.0,0.0
2026-07-09 00:00:00-04:00,76.37000274658203,76.9000015258789,75.44999694824219,76.6500015258789,4201900,0.0,0.0
2026-07-10 00:00:00-04:00,76.88999938964844,78.66999816894531,76.87999725341797,77.8499984741211,4783500,0.0,0.0
2026-07-13 00:00:00-04:00,78.05000305175781,78.5,76.43000030517578,76.72000122070312,3253700,0.0,0.0
2026-07-14 00:00:00-04:00,76.77999877929688,77.33999633789062,75.95999908447266,76.87000274658203,4962900,0.0,0.0
2026-07-15 00:00:00-04:00,77.23999786376953,78.16000366210938,76.79000091552734,77.63999938964844,6293200,0.0,0.0
2026-07-16 00:00:00-04:00,77.5,77.97000122070312,76.62000274658203,77.72000122070312,5396800,0.0,0.0
2026-07-17 00:00:00-04:00,77.13999938964844,77.94000244140625,75.98999786376953,76.06999969482422,5828100,0.0,0.0
2026-07-20 00:00:00-04:00,76.98999786376953,77.19000244140625,75.36000061035156,75.80000305175781,8809200,0.0,0.0
2026-07-21 00:00:00-04:00,76.08999633789062,80.0999984741211,74.80000305175781,79.5199966430664,11919800,0.0,0.0
2026-07-22 00:00:00-04:00,80.5,84.33000183105469,80.04000091552734,82.12999725341797,13059500,0.0,0.0
2026-07-23 00:00:00-04:00,81.36000061035156,81.73999786376953,79.0,80.66999816894531,9512900,0.0,0.0
2026-07-24 00:00:00-04:00,80.54000091552734,83.76000213623047,80.43000030517578,82.63999938964844,5605600,0.0,0.0
2026-07-27 00:00:00-04:00,85.0,87.08000183105469,84.0999984741211,87.04000091552734,9870000,0.0,0.0
2026-07-28 00:00:00-04:00,87.61000061035156,91.1500015258789,87.20999908447266,90.30000305175781,13382300,0.0,0.0
2026-07-29 00:00:00-04:00,90.69999694824219,91.8499984741211,89.11000061035156,89.4000015258789,7981500,0.0,0.0
2026-07-30 00:00:00-04:00,89.73999786376953,89.7699966430664,86.61000061035156,88.4000015258789,6229000,0.0,0.0
2026-07-31 00:00:00-04:00,88.8499984741211,89.11000061035156,87.04000091552734,88.86000061035156,6678000,0.0,0.0
2026-08-03 00:00:00-04:00,89.51000213623047,90.30000305175781,87.29000091552734,87.68000030517578,4813400,0.0,0.0
2026-08-04 00:00:00-04:00,87.41000366210938,88.58999633789062,86.02999877929688,88.30999755859375,5329800,0.0,0.0
2026-08-05 00:00:00-04:00,88.45999908447266,89.9800033569336,88.26000213623047,89.16000366210938,6860200,0.0,0.0
2026-08-06 00:00:00-04:00,89.16000366210938,89.30000305175781,86.5,86.94000244140625,5431300,0.0,0.0
2026-08-07 00:00:00-04:00,86.88999938964844,87.87999725341797,86.33000183105469,87.58000183105469,4024000,0.0,0.0
2026-08-10 00:00:00-04:00,87.41999816894531,88.80999755859375,86.37999725341797,87.95999908447266,3446600,0.0,0.0
2026-08-11 00:00:00-04:00,88.12999725341797,89.73999786376953,87.87999725341797,89.3499984741211,4792100,0.0,0.0
2026-08-12 00:00:00-04:00,89.12000274658203,89.12000274658203,86.72000122070312,86.76499938964844,3519895,0.0,0.0
