ts,open,high,low,close,volume
1629086400000,83.7,84.56,73.9,82.77,61918641
1629691200000,83.05,90.95,80.85,85.4,41490299
1630296000000,84.6,86.74,80.0,82.87,29175728
1630900800000,83.82,90.43,81.66,87.88,38981063
1631505600000,87.47,88.88,78.77,80.81,34231225
1632110400000,78.15,84.4999,76.77,83.22,28574729
1632715200000,83.18,83.3,73.48,75.59,31794026
1633320000000,75.38,78.21,70.1901,70.44,50135685
1633924800000,70.63,77.21,69.77,76.58,24545229
1634529600000,77.46,84.7799,76.23,83.98,28366595
1635134400000,81.46,86.15,79.11,84.02,26470739
1635739200000,83.95,84.09,77.05,77.99,29850896
1636347600000,79.02,109.97,76.83,107.58,221089393
1636952400000,108.44,138.77,103.82,134.72,222428868
1637557200000,140.735,141.5999,113.3301,122.65,124650083
1638162000000,125.1365,137.71,109.36,113.79,125345105
1638766800000,108.52,125.99,104.21,115.89,75068743
1639371600000,115.68,115.8,93.2704,102.4,108813641
1639976400000,97.18,106.9799,96.59,101.82,45393338
1640581200000,101.6,108.78,94.275,103.16,70977019
1641186000000,101.91,103.79,82.58,84.37,99551432
1641790800000,83.69,90.31,77.42,79.05,88870395
1642395600000,80.44,82.45,68.33,68.93,85174890
1643000400000,65.41,70.74,53.63,58.18,122363130
1643605200000,60.66,69.25,59.63,63.74,129978207
1644210000000,63.95,73.3899,60.91,66.81,111915682
1644814800000,68.21,73.71,48.13,49.72,279450259
1645419600000,48.23,50.5,43.1,50.05,115939699
1646024400000,50.69,52.7,41.95,42.29,97121405
1646629200000,43.17,45.7498,39.2,39.24,76669196
1647230400000,38.06,50.24,36.044,49.62,140338199
1647835200000,49.01,53.0,45.51,47.07,111219183
1648440000000,47.67,52.52,44.7,46.02,91579174
1649044800000,46.81,50.72,42.55,43.1,102537552
1649649600000,42.48,46.79,40.86,42.36,67787921
1650254400000,41.9,42.87,33.54,34.35,121518307
1650859200000,33.99,35.13,29.52,30.65,119227199
1651464000000,30.28,35.06,27.33,27.81,108715628
1652068800000,27.15,33.19,21.65,32.97,341601978
1652673600000,32.23,36.43,29.5,31.6,251323426
1653278400000,31.0,32.09,26.31,31.81,138955943
1653883200000,32.56,33.899,28.19,30.0,136681543
1654488000000,30.95,34.25,27.67,27.76,109496076
1655092800000,26.11,29.29,23.8801,26.87,157915733
1655697600000,27.57,36.89,27.4,36.42,191821509
1656302400000,36.0,37.48,31.83,35.07,140521436
1656907200000,34.55,44.5,33.9,41.25,190940521
1657512000000,39.95,40.4596,35.78,39.77,153280441
1658116800000,40.425,42.74,38.16,39.4,122578621
1658721600000,38.85,43.8,37.74,42.93,91714085
1659326400000,42.37,49.91,41.68,49.24,97333747
1659931200000,48.13,53.88,42.71,51.15,200256399
1660536000000,50.47,52.15,41.94,42.68,97376186
1661140800000,41.84,43.5,39.43,39.56,71268173
1661745600000,38.64,40.79,36.56,37.94,68286447
1662350400000,37.57,45.77,35.65,45.53,72573113
1662955200000,44.33,47.05,38.81,39.5,155129683
1663560000000,38.96,39.04,33.565,35.54,81808884
1664164800000,36.28,38.59,34.8117,35.84,93106508
1664769600000,34.89,39.81,33.605,34.82,92712998
1665374400000,34.705,39.19,33.2,35.56,104939873
1665979200000,41.2,44.3,40.51,42.81,158482238
1666584000000,41.8,47.6697,40.41,45.78,71115000
1667188800000,45.48,46.94,39.545,40.58,61705803
1667797200000,39.96,40.95,30.682,36.74,124800413
1668402000000,36.15,38.68,31.08,31.72,67708364
1669006800000,31.37,32.19,29.4601,31.76,43811727
1669611600000,31.31,34.015,29.67,33.99,71094342
1670216400000,33.69,34.6945,30.05,31.65,46704254
1670821200000,31.84,35.37,26.6001,27.62,105092631
1671426000000,27.59,28.39,25.3202,26.75,61179748
1672030800000,26.22,28.54,25.46,28.46,48191428
1672635600000,28.91,30.6762,27.24,28.88,53364528
1673240400000,29.41,33.5,29.41,33.21,61910529
1673845200000,38.07,38.3,32.74,35.38,85192528
1674450000000,35.5,38.22,30.69,37.75,47635788
1675054800000,36.745,41.575,35.35,38.54,61047014
1675659600000,37.7,39.63,34.57,34.82,46012550
1676264400000,34.61,46.05,33.68,40.88,114962325
1676869200000,39.31,40.03,35.815,36.96,50843071
1677474000000,37.19,41.94,36.34,41.37,59107669
1678078800000,41.62,42.65,39.15,40.05,50430580
1678680000000,38.94,45.47,38.81,43.69,75294404
1679284800000,43.37,45.49,41.105,43.43,50191677
1679889600000,43.7,45.105,41.46,44.98,35317165
1680494400000,44.45,47.65,44.2738,46.2,40833326
1681099200000,45.33,47.65,44.44,45.7,38511439
1681704000000,40.04,41.99,39.1,40.7,70528982
1682308800000,40.39,40.79,34.52,35.6,46296905
1682913600000,35.51,36.51,33.7029,35.05,32465566
1683518400000,36.14,41.62,35.7,39.36,71996732
1684123200000,39.17,42.6799,37.95,40.01,46330255
1684728000000,40.38,40.92,38.66,40.12,34266937
1685332800000,40.38,42.99,39.25,40.34,35301642
1685937600000,40.27,41.63,37.62,38.69,36487452
1686542400000,38.82,42.86,38.22,41.8,47875571
1687147200000,41.0,42.34,37.19,37.85,39738526
1687752000000,37.63,42.99,37.59,40.3,54084985
1688356800000,40.33,42.2899,39.66,41.15,33217217
1688961600000,41.0,45.15,40.1298,43.0,58369045
1689566400000,43.0,46.25,40.45,40.57,44234615
1690171200000,40.57,40.931,37.61,38.93,32722470
1690776000000,39.12,39.5,36.6,37.48,38056255
1691380800000,37.57,38.075,29.07,29.83,112275400
1691985600000,29.52,30.6051,27.405,27.51,54256857
1692590400000,27.54,27.78,26.2412,26.81,48665056
1693195200000,27.13,29.3209,26.8401,28.44,37891709
1693800000000,28.245,29.35,28.11,29.01,33509991
1694404800000,29.205,29.575,26.64,27.91,72452713
1695009600000,27.725,27.95,25.15,25.39,51433917
1695614400000,25.24,29.09,24.88,28.96,48859272
1696219200000,28.97,30.61,27.9,30.46,50611730
1696824000000,29.79,31.96,29.63,30.51,36969262
1697428800000,30.55,32.07,29.85,31.75,46561329
1698033600000,31.25,33.19,30.17,30.99,44699767
1698638400000,31.14,35.13,30.97,34.9,36404966
1699246800000,35.61,42.2,33.37,38.42,116393670
1699851600000,38.05,41.89,37.115,37.91,69283934
1700456400000,37.85,38.32,36.335,38.14,34686901
1701061200000,37.84,40.48,37.84,40.45,33973301
1701666000000,40.09,42.28,39.32,40.83,44377496
1702270800000,40.78,45.05,40.125,43.92,54883223
1702875600000,43.84,46.12,43.26,45.97,37657353
1703480400000,46.02,47.2,45.69,45.72,26789491
1704085200000,44.65,44.96,41.2,41.74,26187676
1704690000000,42.0,42.805,40.83,40.92,30452048
1705294800000,40.41,40.76,37.755,38.69,27383724
1705899600000,39.15,42.35,39.15,40.41,30816633
1706504400000,40.485,41.19,38.51,40.67,30530935
1707109200000,40.53,47.11,38.57,44.4,91735055
1707714000000,44.51,45.088,41.53,42.91,39249345
1708318800000,42.42,43.06,40.395,41.46,31736647
1708923600000,41.47,41.94,39.525,41.32,34587525
1709528400000,41.32,41.63,38.37,39.94,31468137
1710129600000,39.64,42.655,39.105,39.24,43385083
1710734400000,37.916,38.375,35.8501,37.26,41455203
1711339200000,37.12,39.01,35.97,38.18,24760759
1711944000000,37.99,38.25,35.79,37.82,31437710
1712548800000,38.1,40.8,37.82,38.37,29541730
1713153600000,38.28,38.82,34.82,35.34,28885824
1713758400000,35.6,37.52,33.71,36.01,35262684
1714363200000,36.27,39.47,35.4601,39.24,27774870
1714968000000,39.58,41.04,29.55,31.45,113937553
1715572800000,31.41,33.775,30.83,32.9,46649096
1716177600000,32.88,33.6,31.59,32.67,34595653
1716782400000,32.69,34.1,32.3,33.62,24640142
1717387200000,34.0,36.12,33.88,35.63,27649019
1717992000000,35.3,37.3,34.76,35.1,25473954
1718596800000,34.86,36.27,34.41,36.16,24230628
1719201600000,35.99,37.79,34.62,37.21,32245090
1719806400000,37.11,38.7,36.37,38.68,16128821
1720411200000,39.0,40.68,38.37,40.53,29438769
1721016000000,40.7,41.62,39.52,40.52,23599971
1721620800000,40.99,41.285,39.55,40.51,18275681
1722225600000,40.95,42.04,37.305,39.04,42472843
1722830400000,36.6,38.7,35.3,37.02,40473396
1723435200000,37.14,41.17,36.91,40.59,26762381
1724040000000,40.54,44.425,39.72,44.16,45506367
1724644800000,44.05,44.85,43.09,43.99,23562942
1725249600000,43.88,44.96,42.325,43.64,17575748
1725854400000,44.12,46.12,43.195,45.87,27847354
1726459200000,45.82,47.495,45.11,46.03,34614674
1727064000000,46.26,48.43,43.76,44.18,40551444
1727668800000,44.08,44.64,40.88,41.99,31615121
1728273600000,41.81,42.365,37.5,41.6,58574218
1728878400000,41.66,41.75,39.3,39.93,30392886
1729483200000,39.5,43.0,39.46,42.14,28601900
1730088000000,42.59,52.65,41.5,51.44,68401664
1730696400000,52.74,54.07,49.61,52.4,54468330
1731301200000,52.45,55.1,50.68,50.73,47005195
1731906000000,51.0,53.16,48.1,49.38,59647398
1732510800000,49.13,50.73,47.95,50.13,25685577
1733115600000,50.99,59.8,50.94,59.31,50327324
1733720400000,59.22,61.05,55.6104,59.6,39165184
1734325200000,58.87,61.77,57.49,60.11,33389800
1734930000000,60.44,60.63,57.8911,59.45,12740922
1735534800000,58.13,61.0,57.02,60.47,16220940
1736139600000,60.71,63.58,59.96,61.82,27535285
1736744400000,60.57,66.51,59.39,65.53,36680923
1737349200000,66.37,67.43,64.1,67.07,20784586
1737954000000,64.32,71.89,63.88,71.07,39834631
1738558800000,69.63,75.74,60.01,66.28,107011990
1739163600000,64.78,67.18,63.22,66.75,40885138
1739768400000,66.83,67.17,60.76,62.51,32628831
1740373200000,61.3,64.44,58.51,63.64,53783645
1740978000000,64.4,65.17,53.58,57.17,38816045
1741579200000,55.94,58.44,52.3,56.51,62172295
1742184000000,56.45,61.44,54.97,61.16,38297706
1742788800000,61.925,62.6592,58.4373,59.07,26263567
1743393600000,57.65,63.78,51.27,52.96,45710500
1743998400000,50.51,57.73,50.1,57.26,36316533
1744603200000,58.48,60.63,56.0308,59.71,22443493
1745208000000,59.6,66.8999,58.73,66.58,31090302
1745812800000,66.38,74.24,63.5,74.09,61013457
1746417600000,71.98,72.95,68.55,71.88,39699506
1747022400000,73.01,82.02,70.96,81.27,52309621
1747627200000,79.13,83.04,78.66,82.26,35006407
1748232000000,83.2,87.16,83.0,86.98,32523207
1748836800000,87.2,96.28,87.18,95.8,51194281
1749441600000,94.24,98.15,91.65,97.17,43318508
1750046400000,98.34,103.57,98.02,102.09,35580204
1750651200000,101.98,105.87,101.33,105.59,36612550
1751256000000,105.79,106.17,100.0,103.59,31455671
1751860800000,102.92,108.1,102.25,105.69,29759797
1752465600000,106.35,124.6,106.35,124.5,49826049
1753070400000,123.7506,127.99,113.95,118.82,45486524
1753675200000,119.825,150.59,116.51,125.03,62743861
1754280000000,126.15,135.08,125.1,128.71,41584287
1754884800000,128.5,133.62,112.0,117.34,45486021
1755489600000,115.46,121.3,112.12,117.52,50961728
1756094400000,123.22,128.14,121.28,124.59,45865064
1756699200000,121.21,135.6699,119.16,127.69,33539186
1757304000000,129.74,136.39,127.21,133.31,33430354
1757908800000,134.32,139.97,129.56,135.18,41900092
1758513600000,136.14,138.43,128.75,135.06,26600841
1759118400000,140.71,141.9999,120.56,122.69,45738268
1759723200000,124.0,130.2,122.23,126.8,26249218
1760328000000,129.06,141.95,124.58,132.92,31344734
1760932800000,133.905,135.85,125.805,127.71,23038690
1761537600000,129.645,134.67,111.2,113.72,66970290
1762146000000,112.935,113.6,100.6,106.84,46644337
1762750800000,108.03,108.285,98.05,102.28,29124515
1763355600000,102.25,103.775,88.229,89.25,45435432
1763960400000,87.89,95.74,87.08,95.03,28934005
1764565200000,93.01,97.92,90.65,96.28,33585380
1765170000000,96.22,99.98,88.055,88.51,34104878
1765774800000,87.96,89.19,81.245,81.94,47233224
1766379600000,82.415,83.19,80.3001,82.22,19328640
1766984400000,81.12,82.56,78.8,80.95,22714794
1767589200000,81.4,82.38,71.78,73.27,59323663
1768194000000,73.05,91.09,72.83,87.28,79609757
1768798800000,84.55,84.76,73.07,74.12,51333921
1769403600000,73.25,76.5,64.5403,65.76,71898463
1770008400000,67.02,69.41,60.07,66.42,99715709
1770613200000,68.76,76.58,61.605,63.17,67504217
1771218000000,63.88,65.798,60.33,62.0,47994235
1771822800000,61.7,71.53,59.7,68.66,51808702
1772427600000,66.5,69.91,62.82,63.53,39231220
1773028800000,62.455,64.09,55.85,56.42,48875193
1773633600000,56.88,60.56,55.16,56.96,44158719
1774238400000,57.06,57.98,51.72,52.31,35147046
1774843200000,52.28,60.23,51.23,60.11,42587146
1775448000000,59.79,60.66,52.72,55.59,41264183
1776052800000,55.51,62.99,55.5,60.34,40717945
1776657600000,60.0,64.42,52.62,56.09,44026810
1777262400000,55.725,58.89,41.75,45.13,98269608
1777867200000,44.92,48.43,41.66,41.91,78361234
1778472000000,41.265,44.19,40.15,42.85,60869420
1779076800000,42.82,48.37,42.65,48.16,61489241
1779681600000,48.25,48.53,44.9,47.15,40968592
1780286400000,47.76,48.0,41.07,41.82,45479412
1780891200000,41.67,44.57,40.68,43.31,55742003
1781496000000,44.09,53.02,43.56,51.53,58976196
1782100800000,48.2,49.54,44.7,47.56,62532050
1782705600000,50.9,58.43,50.79,55.41,48880095
1783310400000,55.11,58.4,53.56,55.35,33818203
1783915200000,55.53,57.545,50.56,51.68,34208763
1784520000000,52.0,55.42,47.13,47.55,30942462
1785124800000,48.37,51.05,33.88,35.6,111471112
1785729600000,35.58,38.28,35.03,37.79,94182648
1786334400000,37.84,39.68,35.16,35.485,44154766
